"","text","favorited","favoriteCount","replyToSN","created","truncated","replyToSID","id","replyToUID","statusSource","screenName","retweetCount","isRetweet","retweeted","longitude","latitude"
"1","Analyzing trends for #gayrights for #cdsadaiict",FALSE,1,NA,2016-12-17 16:48:58,FALSE,NA,"810164898588200960",NA,"<a href=""http://twitter.com/download/iphone"" rel=""nofollow"">Twitter for iPhone</a>","AnishiMehta",0,FALSE,FALSE,NA,NA
"2","RT @MsSamanthaViner: @Marina_Sirtis think you would like this #gayrights https://t.co/z9vV8ILPA0",FALSE,0,NA,2016-12-17 16:42:23,FALSE,NA,"810163239543832576",NA,"<a href=""http://twitter.com/download/iphone"" rel=""nofollow"">Twitter for iPhone</a>","Claira4017",3,TRUE,FALSE,NA,NA
"3","Am I cute yet? #gay #gayboy #gaydude #gayteen #gaycute #instagay #gayrights https://t.co/PfsA7btcN8",FALSE,0,NA,2016-12-17 16:31:31,FALSE,NA,"810160506791165952",NA,"<a href=""http://instagram.com"" rel=""nofollow"">Instagram</a>","summer_boy93",0,FALSE,FALSE,NA,NA
"4","<ed><U+00A0><U+00BD><ed><U+00B3><U+00A2> @KRTpro_Music
<ed><U+00A0><U+00BD><ed><U+00B3><U+00A2> WELCOMES
@bluehelixmusic #RockMusic
@vinyl_pressing #PressingPlants
@Bahamajack #Investor 
@hauff_sonny1 #GayRights",FALSE,1,NA,2016-12-17 16:30:01,FALSE,NA,"810160129584660480",NA,"<a href=""https://about.twitter.com/products/tweetdeck"" rel=""nofollow"">TweetDeck</a>","KRTpro_Music",0,FALSE,FALSE,NA,NA
"5","RT @highstreetsten1: #provincetown, #CapeCod, #ProvinceTown, #LGBT, #equality, #gayrights, #pride, #zipcodes
https://t.co/6IiFO8WP1f",FALSE,0,NA,2016-12-17 16:16:01,FALSE,NA,"810156607581679620",NA,"<a href=""http://twitter.com"" rel=""nofollow"">Twitter Web Client</a>","highstreetsten1",1,TRUE,FALSE,NA,NA
"6","RT @IsleofWightMP: Is Andrew Turner the most #homophobic MP in the UK? 
Against #gayrights #gaymarriage #LGBT 

#IsleofWight  https://t.co/<U+2026>",FALSE,0,NA,2016-12-17 16:13:24,FALSE,NA,"810155946559369216",NA,"<a href=""http://twitter.com/#!/download/ipad"" rel=""nofollow"">Twitter for iPad</a>","ldorchard",1,TRUE,FALSE,NA,NA
"7","@SenSanders lol I'm in few #years you'll be #flipping on it just like #hillary on #gayrights",FALSE,0,"SenSanders",2016-12-17 16:00:24,FALSE,"810139499552473088","810152674918338560","29442313","<a href=""http://twitter.com/download/iphone"" rel=""nofollow"">Twitter for iPhone</a>","RICHORNUTTIN",0,FALSE,FALSE,NA,NA
"8","( @troyesivan ) #GayRights #Lgbt Giving advice to my bestie.. <U+2764><U+FE0F><ed><U+00A0><U+00BD><ed><U+00B2><U+009B><ed><U+00A0><U+00BD><ed><U+00B2><U+009A><ed><U+00A0><U+00BD><ed><U+00B2><U+0099><ed><U+00A0><U+00BD><ed><U+00B2><U+009C> https://t.co/vXxPzH8D0n",FALSE,0,NA,2016-12-17 15:41:45,FALSE,NA,"810147983044055041",NA,"<a href=""https://mobile.twitter.com"" rel=""nofollow"">Mobile Web (M5)</a>","TroyesTrashCans",0,FALSE,FALSE,NA,NA
"9","76 countries punish
9 death penalty 
3 countries hunt for them 
In almost half of the world it's a crime to be gay.
#gay #gayrights #equal",FALSE,0,NA,2016-12-17 09:31:51,FALSE,NA,"810054894820397056",NA,"<a href=""http://twitter.com/download/android"" rel=""nofollow"">Twitter for Android</a>","KoenvdM",0,FALSE,FALSE,NA,NA
"10","RT @WipeHomophobia: #LGBT History - UK #GayRights Archive https://t.co/dDTezmbi9a",FALSE,0,NA,2016-12-17 08:54:01,FALSE,NA,"810045371275759616",NA,"<a href=""http://twitter.com/download/android"" rel=""nofollow"">Twitter for Android</a>","Adrienne_BillyS",14,TRUE,FALSE,NA,NA
"11","RT @MsSamanthaViner: @Marina_Sirtis think you would like this #gayrights https://t.co/z9vV8ILPA0",FALSE,0,NA,2016-12-17 08:03:47,FALSE,NA,"810032732780789760",NA,"<a href=""http://twitter.com"" rel=""nofollow"">Twitter Web Client</a>","MacKayAtLaw",3,TRUE,FALSE,NA,NA
"12","RT @MsSamanthaViner: @Marina_Sirtis think you would like this #gayrights https://t.co/z9vV8ILPA0",FALSE,0,NA,2016-12-17 07:58:24,FALSE,NA,"810031375793422336",NA,"<a href=""http://twitter.com/download/iphone"" rel=""nofollow"">Twitter for iPhone</a>","Marina_Sirtis",3,TRUE,FALSE,NA,NA
"13","@Marina_Sirtis think you would like this #gayrights https://t.co/z9vV8ILPA0",FALSE,14,"Marina_Sirtis",2016-12-17 07:58:11,FALSE,NA,"810031322060259328","1323187164","<a href=""http://twitter.com/download/iphone"" rel=""nofollow"">Twitter for iPhone</a>","MsSamanthaViner",3,FALSE,FALSE,NA,NA
"14","Twitter, what do you have to say about #gayrights #CDSADAIICT",FALSE,0,NA,2016-12-17 07:41:13,FALSE,NA,"810027053848227840",NA,"<a href=""http://twitter.com/download/iphone"" rel=""nofollow"">Twitter for iPhone</a>","AnishiMehta",0,FALSE,FALSE,NA,NA
"15","He hate me #hehatesme #trump #hillaryclinton #gay #clown #haters #gayrights #hair https://t.co/cXibtr1pQy",FALSE,0,NA,2016-12-17 07:16:11,FALSE,NA,"810020752519004160",NA,"<a href=""http://instagram.com"" rel=""nofollow"">Instagram</a>","thejohnjernigan",0,FALSE,FALSE,NA,NA
"16","Image Tip No  38 Same Sex Marriage https://t.co/Tf93x3pjE5 #lovewins #gayrights #love https://t.co/RYq447hJLy",FALSE,0,NA,2016-12-17 05:37:18,FALSE,NA,"809995866769686528",NA,"<a href=""https://www.socialoomph.com"" rel=""nofollow"">SocialOomph</a>","MarketingPicz",0,FALSE,FALSE,NA,NA
"17","#LBC - #mattstaden said he did not know about #gayrights in #india but 'gushed' about #democracy in action?

What an asinine comment!

@LBC",FALSE,0,NA,2016-12-17 01:34:18,FALSE,NA,"809934713951518721",NA,"<a href=""http://twitter.com"" rel=""nofollow"">Twitter Web Client</a>","PrimeSiteUK",0,FALSE,FALSE,NA,NA
"18","shoutout to alex #gayrights",FALSE,2,NA,2016-12-17 01:22:17,FALSE,NA,"809931691213131780",NA,"<a href=""http://twitter.com/download/iphone"" rel=""nofollow"">Twitter for iPhone</a>","stressedsean",0,FALSE,FALSE,NA,NA
"19","@octodude1 Albert is gay #gayrights",FALSE,0,"octodude1",2016-12-17 01:02:38,FALSE,NA,"809926744064954368","2602418107","<a href=""http://twitter.com/download/iphone"" rel=""nofollow"">Twitter for iPhone</a>","Timoteo077_Game",0,FALSE,FALSE,NA,NA
"20","RT @edt911: HE's done things already that are #unethical #racist not for #gayrights an only concerned for the elite @KellyOsbourne sweet,#b<U+2026>",FALSE,0,NA,2016-12-16 23:53:51,FALSE,NA,"809909435107639297",NA,"<a href=""http://twitter.com/download/iphone"" rel=""nofollow"">Twitter for iPhone</a>","gaynewsradio",1,TRUE,FALSE,NA,NA
"21","HE's done things already that are #unethical #racist not for #gayrights an only concerned for the elite<U+2026> https://t.co/glJ0ncW96O",FALSE,0,NA,2016-12-16 23:49:42,TRUE,NA,"809908389958582272",NA,"<a href=""http://twitter.com/#!/download/ipad"" rel=""nofollow"">Twitter for iPad</a>","edt911",1,FALSE,FALSE,NA,NA
"22","RT @PaperOrPlastick: #alpolitics so many other charities you can support #gay #gayrights #Homeless #Jesus https://t.co/jI4Jz7z3cT",FALSE,0,NA,2016-12-16 21:29:25,FALSE,NA,"809873085792972801",NA,"<a href=""https://about.twitter.com/products/tweetdeck"" rel=""nofollow"">TweetDeck</a>","UniteWomenAL",2,TRUE,FALSE,NA,NA
"23","RT @PaperOrPlastick: #alpolitics so many other charities you can support #gay #gayrights #Homeless #Jesus https://t.co/jI4Jz7z3cT",FALSE,0,NA,2016-12-16 21:29:25,FALSE,NA,"809873085738450944",NA,"<a href=""https://about.twitter.com/products/tweetdeck"" rel=""nofollow"">TweetDeck</a>","rozmcdermott",2,TRUE,FALSE,NA,NA
"24","@glenys_parry talking about her less well known campaigning for #gayrights alongside her career in clinical psychol<U+2026> https://t.co/KwbdIDeHqS",FALSE,0,"glenys_parry",2016-12-16 19:51:15,TRUE,NA,"809848384127377408","2892288699","<a href=""http://twitter.com/download/iphone"" rel=""nofollow"">Twitter for iPhone</a>","Nins0",0,FALSE,FALSE,NA,NA
"25","#suriname #vveps #lgbt #antigayrights #religiousfreedom #hypocrisy #gayrights<U+2026> https://t.co/HOFdr4tSTO",FALSE,0,NA,2016-12-16 19:43:55,FALSE,NA,"809846537094250496",NA,"<a href=""http://instagram.com"" rel=""nofollow"">Instagram</a>","andweledwight",0,FALSE,FALSE,NA,NA
"26","@MahinRyan @DarkTriadMan exactly my point. #equality #Tolerance #lovetrumpshate #lgbtq #gayrights #cantfighthatewithhate",FALSE,0,"MahinRyan",2016-12-16 19:38:40,FALSE,"809806941543350272","809845214693171200","2530987138","<a href=""http://twitter.com/download/iphone"" rel=""nofollow"">Twitter for iPhone</a>","yogimellons",0,FALSE,FALSE,NA,NA
"27","Some America LGBT Rights Milestones Fast Facts https://t.co/MHix1wolrd #gay #lgbt #lesbian #America #gayrights #humanrights #USA",FALSE,1,NA,2016-12-16 18:54:45,FALSE,NA,"809834163209502720",NA,"<a href=""http://twitter.com"" rel=""nofollow"">Twitter Web Client</a>","gaycalgary",0,FALSE,FALSE,NA,NA
"28","#GayRights groups and #LGBTallies continue efforts to block #Mississippi #ReligiousFreedom law that allows... https://t.co/dk1K8Bx3jr",FALSE,0,NA,2016-12-16 18:46:06,FALSE,NA,"809831987653398528",NA,"<a href=""http://www.facebook.com/twitter"" rel=""nofollow"">Facebook</a>","TheFightMag",0,FALSE,FALSE,NA,NA
"29","#alpolitics so many other charities you can support #gay #gayrights #Homeless #Jesus https://t.co/jI4Jz7z3cT",FALSE,1,NA,2016-12-16 17:13:35,FALSE,NA,"809808706561015808",NA,"<a href=""http://twitter.com/download/iphone"" rel=""nofollow"">Twitter for iPhone</a>","PaperOrPlastick",2,FALSE,FALSE,NA,NA
"30","RT @WipeHomophobia: #LGBT History - UK #GayRights Archive https://t.co/dDTezmbi9a",FALSE,0,NA,2016-12-16 15:45:05,FALSE,NA,"809786433066205185",NA,"<a href=""http://twitter.com/download/android"" rel=""nofollow"">Twitter for Android</a>","Emily_DiBs",14,TRUE,FALSE,NA,NA
"31","RT @KevinPONeil: #LGBT History - UK #GayRights Archive https://t.co/KAO1PMWGlr",FALSE,0,NA,2016-12-16 15:30:43,FALSE,NA,"809782816946819072",NA,"<a href=""http://twitter.com/download/iphone"" rel=""nofollow"">Twitter for iPhone</a>","john_avorh",2,TRUE,FALSE,NA,NA
"32","#Gayrights <U+2018>guide<U+2019> goes viral in #Morocco https://t.co/qwA1v1g4yz <U+2026>",FALSE,0,NA,2016-12-16 15:27:22,FALSE,NA,"809781974684602368",NA,"<a href=""http://twitter.com"" rel=""nofollow"">Twitter Web Client</a>","lucretialive",0,FALSE,FALSE,NA,NA
"33","RT @WipeHomophobia: #LGBT History - UK #GayRights Archive https://t.co/dDTezmbi9a",FALSE,0,NA,2016-12-16 14:32:20,FALSE,NA,"809768125772070912",NA,"<a href=""http://twitter.com/download/iphone"" rel=""nofollow"">Twitter for iPhone</a>","john_avorh",14,TRUE,FALSE,NA,NA
"34","RT @highstreetsten1: #PleasantRidge, #Detroit, #LGBT, #Equality, #Michigan, #GayRights, #Pride, #zipcode, #gayzipcode
https://t.co/Y6Xk4K3f<U+2026>",FALSE,0,NA,2016-12-16 13:59:33,FALSE,NA,"809759876071231488",NA,"<a href=""http://twitter.com"" rel=""nofollow"">Twitter Web Client</a>","highstreetsten1",1,TRUE,FALSE,NA,NA
"35","#GayRights Stark guide to gay rights in Morocco goes viral https://t.co/fNsBelu8nP",FALSE,0,NA,2016-12-16 12:27:33,FALSE,NA,"809736722133188608",NA,"<a href=""http://twitter.com/download/android"" rel=""nofollow"">Twitter for Android</a>","KangaLoveTRTL",0,FALSE,FALSE,NA,NA
"36","RT @KevinPONeil: #LGBT History - UK #GayRights Archive https://t.co/KAO1PMWGlr",FALSE,0,NA,2016-12-16 10:19:35,FALSE,NA,"809704518351024129",NA,"<a href=""http://twitter.com/download/android"" rel=""nofollow"">Twitter for Android</a>","WickedEyes22",2,TRUE,FALSE,NA,NA
"37","Image Tip  -  19 Same Sex Marriage https://t.co/Tf93x3pjE5 #lovewins #gayrights #love https://t.co/0Yd06XVaW8",FALSE,0,NA,2016-12-16 08:37:38,FALSE,NA,"809678860769984512",NA,"<a href=""https://www.socialoomph.com"" rel=""nofollow"">SocialOomph</a>","MarketingPicz",0,FALSE,FALSE,NA,NA
"38","RT @Vibes_Nigeria: I support Gay Rights <U+2013> Reuben Abati @abati1990 (Exclusive) https://t.co/YgKcp71hqC #LGBTRights #Gayrights",FALSE,0,NA,2016-12-16 08:28:30,FALSE,NA,"809676564854173696",NA,"<a href=""http://twitter.com/download/iphone"" rel=""nofollow"">Twitter for iPhone</a>","homakalpa",1,TRUE,FALSE,NA,NA
"39","I support Gay Rights <U+2013> Reuben Abati @abati1990 (Exclusive) https://t.co/YgKcp71hqC #LGBTRights #Gayrights",FALSE,2,NA,2016-12-16 08:15:27,FALSE,NA,"809673280210792448",NA,"<a href=""http://twitter.com"" rel=""nofollow"">Twitter Web Client</a>","Vibes_Nigeria",1,FALSE,FALSE,NA,NA
"40","@Chelseashow @marriotti_matt #proud #gayrights #power #strength https://t.co/RIvQzagYlm",FALSE,0,"Chelseashow",2016-12-16 07:43:39,FALSE,NA,"809665278158082048","708435140301553664","<a href=""http://twitter.com/download/android"" rel=""nofollow"">Twitter for Android</a>","marriotti_matt",0,FALSE,FALSE,NA,NA
"41","RT @WipeHomophobia: #LGBT History - UK #GayRights Archive https://t.co/dDTezmbi9a",FALSE,0,NA,2016-12-16 07:30:02,FALSE,NA,"809661847985127424",NA,"<a href=""http://twitter.com/#!/download/ipad"" rel=""nofollow"">Twitter for iPad</a>","CathChenavas",14,TRUE,FALSE,NA,NA
"42","RT @WipeHomophobia: #LGBT History - UK #GayRights Archive https://t.co/dDTezmbi9a",FALSE,0,NA,2016-12-16 07:26:59,FALSE,NA,"809661081547194368",NA,"<a href=""http://twitter.com/download/iphone"" rel=""nofollow"">Twitter for iPhone</a>","kylanw2000",14,TRUE,FALSE,NA,NA
"43","RT @WipeHomophobia: #LGBT History - UK #GayRights Archive https://t.co/dDTezmbi9a",FALSE,0,NA,2016-12-16 07:20:51,FALSE,NA,"809659538618122240",NA,"<a href=""http://twitter.com/download/android"" rel=""nofollow"">Twitter for Android</a>","Outlandt",14,TRUE,FALSE,NA,NA
"44","RT @WipeHomophobia: #LGBT History - UK #GayRights Archive https://t.co/dDTezmbi9a",FALSE,0,NA,2016-12-16 07:19:07,FALSE,NA,"809659104155279361",NA,"<a href=""http://twitter.com/download/iphone"" rel=""nofollow"">Twitter for iPhone</a>","iredot19",14,TRUE,FALSE,NA,NA
"45","RT @WipeHomophobia: #LGBT History - UK #GayRights Archive https://t.co/dDTezmbi9a",FALSE,0,NA,2016-12-16 07:05:12,FALSE,NA,"809655599881482240",NA,"<a href=""https://roundteam.co"" rel=""nofollow"">RoundTeam</a>","UKCharityTues",14,TRUE,FALSE,NA,NA
"46","RT @WipeHomophobia: #LGBT History - UK #GayRights Archive https://t.co/dDTezmbi9a",FALSE,0,NA,2016-12-16 07:03:49,FALSE,NA,"809655252802748416",NA,"<a href=""https://mobile.twitter.com"" rel=""nofollow"">Mobile Web (M2)</a>","emybsd",14,TRUE,FALSE,NA,NA
"47","RT @WipeHomophobia: #LGBT History - UK #GayRights Archive https://t.co/dDTezmbi9a",FALSE,0,NA,2016-12-16 07:03:26,FALSE,NA,"809655155293556736",NA,"<a href=""https://mobile.twitter.com"" rel=""nofollow"">Mobile Web (M5)</a>","Blindian1Luv",14,TRUE,FALSE,NA,NA
"48","RT @WipeHomophobia: #LGBT History - UK #GayRights Archive https://t.co/dDTezmbi9a",FALSE,0,NA,2016-12-16 07:03:11,FALSE,NA,"809655094362902528",NA,"<a href=""http://twitter.com/#!/download/ipad"" rel=""nofollow"">Twitter for iPad</a>","Natalie91231732",14,TRUE,FALSE,NA,NA
"49","RT @WipeHomophobia: #LGBT History - UK #GayRights Archive https://t.co/dDTezmbi9a",FALSE,0,NA,2016-12-16 07:02:16,FALSE,NA,"809654861176467457",NA,"<a href=""http://twitter.com/download/iphone"" rel=""nofollow"">Twitter for iPhone</a>","JenCol76",14,TRUE,FALSE,NA,NA
"50","RT @WipeHomophobia: #LGBT History - UK #GayRights Archive https://t.co/dDTezmbi9a",FALSE,0,NA,2016-12-16 07:01:51,FALSE,NA,"809654759355518980",NA,"<a href=""https://roundteam.co"" rel=""nofollow"">RoundTeam</a>","MissyWelshMMRom",14,TRUE,FALSE,NA,NA
"51","RT @WipeHomophobia: #LGBT History - UK #GayRights Archive https://t.co/dDTezmbi9a",FALSE,0,NA,2016-12-16 07:01:45,FALSE,NA,"809654732239216640",NA,"<a href=""http://twitter.com/download/android"" rel=""nofollow"">Twitter for Android</a>","ticklishmish",14,TRUE,FALSE,NA,NA
"52","#LGBT History - UK #GayRights Archive https://t.co/KAO1PMWGlr",FALSE,4,NA,2016-12-16 07:01:27,FALSE,NA,"809654656083329026",NA,"<a href=""https://statusbrew.com"" rel=""nofollow"">Statusbrew</a>","KevinPONeil",2,FALSE,FALSE,NA,NA
"53","#LGBT History - UK #GayRights Archive https://t.co/dDTezmbi9a",FALSE,33,NA,2016-12-16 07:01:27,FALSE,NA,"809654655298977792",NA,"<a href=""https://statusbrew.com"" rel=""nofollow"">Statusbrew</a>","WipeHomophobia",14,FALSE,FALSE,NA,NA
"54","#Democracy #America #OurRights #OurVotes #OurPeople #OccupyLove #Womens #Gays #Racism #Hatred #GayRights #LGBT<U+2026> https://t.co/HAjOBzaUn4",FALSE,0,NA,2016-12-16 05:28:27,TRUE,NA,"809631251263012870",NA,"<a href=""http://twitter.com/download/iphone"" rel=""nofollow"">Twitter for iPhone</a>","ImperfectANG3L",0,FALSE,FALSE,NA,NA
"55","<U+2018>We Shall Overcome! [Gay Pride Club Mix] [DJ Robby H] [2017]<U+2019> on #SoundCloud #np https://t.co/evsxGhk4e6 #edm #gaypride #gayrights #gay",FALSE,1,NA,2016-12-16 04:21:57,FALSE,NA,"809614517332119552",NA,"<a href=""http://twitter.com"" rel=""nofollow"">Twitter Web Client</a>","dragqueenremix",1,FALSE,FALSE,NA,NA
"56","Never forget LGBTQI+ Freedom is a fight for each generation and in every country...keep fighting! #gaypride #gayfreedom #gayrights",FALSE,1,NA,2016-12-16 04:21:34,FALSE,NA,"809614422314336256",NA,"<a href=""http://twitter.com"" rel=""nofollow"">Twitter Web Client</a>","dragqueenremix",0,FALSE,FALSE,NA,NA
"57","we seein star wars! #GayRights",FALSE,3,NA,2016-12-16 03:49:02,FALSE,NA,"809606234081001472",NA,"<a href=""http://twitter.com/download/iphone"" rel=""nofollow"">Twitter for iPhone</a>","Iegsofwoodwaves",0,FALSE,FALSE,NA,NA
"58","When people look at you and your friend funny<ed><U+00A0><U+00BD><ed><U+00B9><U+0084> #GayRights #FriendshipGoals",FALSE,0,NA,2016-12-16 03:23:54,FALSE,NA,"809599910450524162",NA,"<a href=""http://twitter.com/download/iphone"" rel=""nofollow"">Twitter for iPhone</a>","winterofwitches",0,FALSE,FALSE,NA,NA
"59","I just voted in @allout's Homophobe of the year poll #GayRights #TeamLGBT #TeamGay #LGBTQIA https://t.co/i0JSxkguhG",FALSE,0,NA,2016-12-16 03:03:58,FALSE,NA,"809594893970440192",NA,"<a href=""http://twitter.com/download/android"" rel=""nofollow"">Twitter for Android</a>","wonkydoc",0,FALSE,FALSE,NA,NA
"60","People still hating on same sex couples like it's rare in 2016, for real now leave people and their business alone. #Gayrights",FALSE,51,NA,2016-12-16 02:12:40,FALSE,NA,"809581983571542016",NA,"<a href=""http://twitter.com/download/iphone"" rel=""nofollow"">Twitter for iPhone</a>","Killerbee3rd",25,FALSE,FALSE,NA,NA
"61","@Briefsfactory amazing interview today in @ABC #gender #lgbt #performers #love #gayrights #equalrights  #thanks",FALSE,1,"Briefsfactory",2016-12-16 01:46:50,FALSE,NA,"809575480076603392","1647881233","<a href=""http://twitter.com/download/iphone"" rel=""nofollow"">Twitter for iPhone</a>","AndromedaCircus",0,FALSE,FALSE,NA,NA
"62","#Gayrights <U+2018>guide<U+2019> goes viral in #Morocco https://t.co/tKM8l4ExCl",FALSE,0,NA,2016-12-16 00:27:17,FALSE,NA,"809555459841687553",NA,"<a href=""http://twitter.com"" rel=""nofollow"">Twitter Web Client</a>","feromoon",0,FALSE,FALSE,NA,NA
"63","#GayRights #GayPride #LGBT https://t.co/U37ujbyIih",FALSE,3,NA,2016-12-15 23:51:04,FALSE,NA,"809546347242258433",NA,"<a href=""http://twitter.com/download/android"" rel=""nofollow"">Twitter for Android</a>","WackedThoughts",0,FALSE,FALSE,NA,NA
"64","#gaymarriage #samesexmarriage #coalition #love #homosexual #marriage #love #LGBT #gayrights #prediction #predicted<U+2026> https://t.co/BrtffuMSzC",FALSE,0,NA,2016-12-15 23:00:01,TRUE,NA,"809533500118470656",NA,"<a href=""https://about.twitter.com/products/tweetdeck"" rel=""nofollow"">TweetDeck</a>","resurfacr",0,FALSE,FALSE,NA,NA
"65","@MicheleATittler I guess I hit a homophobic nerve huh chele!!! #GayRights #StupidPhobia #Ignorancephobia #LoveisLoveisLoveisLove",FALSE,0,"MicheleATittler",2016-12-15 22:37:31,FALSE,"809526848560369664","809527838584041472","3141045887","<a href=""http://twitter.com/download/iphone"" rel=""nofollow"">Twitter for iPhone</a>","HarryBoschGal",0,FALSE,FALSE,NA,NA
"66","@MicheleATittler and learn what freedom of speech means you twit!! #lgbtq+ #gay #GayRights #homophobia #pathetic #LoveisLoveisLoveisLove",FALSE,0,"MicheleATittler",2016-12-15 22:36:03,FALSE,"809406409750106112","809527470399586304","3141045887","<a href=""http://twitter.com/download/iphone"" rel=""nofollow"">Twitter for iPhone</a>","HarryBoschGal",0,FALSE,FALSE,NA,NA
"67","Why #Malta Has Europe<U+2019>s Most Progressive #GayRights <ed><U+00A0><U+00BC><ed><U+00BF><U+00B3><U+FE0F><U+200D><ed><U+00A0><U+00BC><ed><U+00BC><U+0088>
#LGBT #LGBTrights #Equality 
https://t.co/Wao5Xi8Gr1 via<U+2026> https://t.co/plWdhL67XY",FALSE,0,NA,2016-12-15 21:04:31,TRUE,NA,"809504434422157313",NA,"<a href=""http://twitter.com/download/iphone"" rel=""nofollow"">Twitter for iPhone</a>","Oaky_van_Dokey",0,FALSE,FALSE,NA,NA
"68","RT @jiggyhuncks: #Jiggyhuncks check out my sound cloud for new mixes jiggyhuncks #global #support #gayrights https://t.co/qKRwcrsGmn",FALSE,0,NA,2016-12-15 20:18:48,FALSE,NA,"809492929534267393",NA,"<a href=""http://twitter.com"" rel=""nofollow"">Twitter Web Client</a>","julieroot4",2,TRUE,FALSE,NA,NA
"69","RT @gaydybunch: #supportlgbtfamilies #twomoms #loveislove #humanrights #noh8 #gayrights #lesbians #homosexuals #equality https://t.co/nyehf<U+2026>",FALSE,0,NA,2016-12-15 20:17:32,FALSE,NA,"809492610586787840",NA,"<a href=""http://twitter.com"" rel=""nofollow"">Twitter Web Client</a>","julieroot4",2,TRUE,FALSE,NA,NA
"70","RT @mj_palin: #Russia blocks U.N. council bid to thank Ban Ki-moon for #GayRights work https://t.co/mMfZcjkr80 via @Reuters   - (RT, mj)",FALSE,0,NA,2016-12-15 20:16:35,FALSE,NA,"809492370311954432",NA,"<a href=""http://twitter.com"" rel=""nofollow"">Twitter Web Client</a>","julieroot4",1,TRUE,FALSE,NA,NA
"71","Judge Strikes Down #Louisiana Governor<U+2019>s Executive Order Protecting LGBT State Workers https://t.co/jSs3wxK8b8<U+2026> https://t.co/2TnbjtNelW",FALSE,0,NA,2016-12-15 19:38:25,TRUE,NA,"809482763959205888",NA,"<a href=""http://twitter.com"" rel=""nofollow"">Twitter Web Client</a>","DanDBear",1,FALSE,FALSE,NA,NA
"72","LGBT #LGBTQ #GayRights https://t.co/9Re1l6wGZY",FALSE,1,NA,2016-12-15 19:33:54,FALSE,NA,"809481628049293312",NA,"<a href=""http://twitter.com"" rel=""nofollow"">Twitter Web Client</a>","GayPlanner",0,FALSE,FALSE,NA,NA
"73","Alkyl Nitrite Blog<U+2019>s Interpretation Can Make It Harmful or Helpful 
#LGBTQ #Stigma #GayRights<U+2026> https://t.co/2V550bD31X",FALSE,1,NA,2016-12-15 19:30:58,TRUE,NA,"809480890124484610",NA,"<a href=""http://bufferapp.com"" rel=""nofollow"">Buffer</a>","NitriteReform",0,FALSE,FALSE,NA,NA
"74","@GeorgeTakei i want to thank you. Thank you for being a champion for #gayrights 
For being a champion for #humanrights and for being you",FALSE,0,"GeorgeTakei",2016-12-15 18:59:01,FALSE,NA,"809472849526292480","237845487","<a href=""http://twitter.com"" rel=""nofollow"">Twitter Web Client</a>","CarlosXWeen",0,FALSE,FALSE,NA,NA
"75","@charlierose will #RexTillerson stand up for #gayrights?",FALSE,1,"charlierose",2016-12-15 17:14:12,FALSE,NA,"809446472043401216","58550415","<a href=""http://twitter.com/download/iphone"" rel=""nofollow"">Twitter for iPhone</a>","wrodgers2",0,FALSE,FALSE,NA,NA
"76","Why the Tiny Island of Malta Has Europe<U+2019>s Most Progressive #GayRights https://t.co/rbHFtqXcRs",FALSE,0,NA,2016-12-15 17:08:50,FALSE,NA,"809445123624960005",NA,"<a href=""http://twitter.com/download/iphone"" rel=""nofollow"">Twitter for iPhone</a>","MarriageEqualty",0,FALSE,FALSE,NA,NA
"77","""Tiny island of Malta"" has Europe<U+2019>s most progressive #gayrights, reports @TIME https://t.co/DAOA3A9VVH",FALSE,0,NA,2016-12-15 16:07:04,FALSE,NA,"809429576917143552",NA,"<a href=""http://twitter.com"" rel=""nofollow"">Twitter Web Client</a>","PanosCOE",0,FALSE,FALSE,NA,NA
"78","So gay is worst then murder #gayrights #gay #comeon https://t.co/7H05No0UYw",FALSE,0,NA,2016-12-15 15:33:48,FALSE,NA,"809421204582961153",NA,"<a href=""http://twitter.com/download/iphone"" rel=""nofollow"">Twitter for iPhone</a>","zot_in_the_sky",0,FALSE,FALSE,NA,NA
"79","RT @WillRicci: For leftists that claim their opponents want to suppress #gayrights sure support a lot of regimes that suppress gay rights #<U+2026>",FALSE,0,NA,2016-12-15 14:41:33,FALSE,NA,"809408056488591360",NA,"<a href=""http://twitter.com"" rel=""nofollow"">Twitter Web Client</a>","kusmeti",5,TRUE,FALSE,NA,NA
"80","The latest Good to be Gay! https://t.co/KiqdPbRmck #gayrights",FALSE,0,NA,2016-12-15 14:15:58,FALSE,NA,"809401616612868096",NA,"<a href=""http://paper.li"" rel=""nofollow"">Paper.li</a>","MaleFollower",0,FALSE,FALSE,NA,NA
"81","New Zealand's Conservative PM Announces Support for Same-Sex Marriage https://t.co/sYPAZNfllf
#gayrights<U+2026> https://t.co/kQZQMlP5nj",FALSE,1,NA,2016-12-15 12:21:27,TRUE,NA,"809372800557416448",NA,"<a href=""http://twitter.com"" rel=""nofollow"">Twitter Web Client</a>","DanDBear",0,FALSE,FALSE,NA,NA
"82","In Louisiana, LGBTQ protections were just declared illegal<U+2026> Wait, what?! https://t.co/EM49AeJglD
#Louisiana<U+2026> https://t.co/iIN7crKolD",FALSE,0,NA,2016-12-15 11:18:13,TRUE,NA,"809356886340489216",NA,"<a href=""http://twitter.com"" rel=""nofollow"">Twitter Web Client</a>","DanDBear",0,FALSE,FALSE,NA,NA
"83","@pill_dunphy stop being a pussy bitch #gayrights #blacklivesmatter #flontmichigan #FlintWaterCrisis #deepvaginas #susangcomenforthecure #gay",FALSE,0,"pill_dunphy",2016-12-15 11:06:20,FALSE,"809353603513085952","809353896376168448","3315891027","<a href=""http://twitter.com"" rel=""nofollow"">Twitter Web Client</a>","black_ferd",0,FALSE,FALSE,NA,NA
"84","The latest Good to be Gay! https://t.co/KiqdPbRmck Thanks to @aomidomi_closet @timesout @yogimellons #lgbtq #gayrights",FALSE,0,NA,2016-12-15 10:16:05,FALSE,NA,"809341251296301056",NA,"<a href=""http://paper.li"" rel=""nofollow"">Paper.li</a>","MaleFollower",0,FALSE,FALSE,NA,NA
"85","@mentionmapp Good final results for #equalmarriage &amp; #gayrights. Results for the nature and #renewableenergies could have been better ;) ^yz",FALSE,1,"mentionmapp",2016-12-15 09:53:24,FALSE,"809186647090733056","809335543347736576","171551808","<a href=""http://twitter.com/download/android"" rel=""nofollow"">Twitter for Android</a>","GrueneZuerich",0,FALSE,FALSE,NA,NA
"86","RT @AmberHeardIT: Today is #NOH8 Day! Happy @NOH8Campaign Day <ed><U+00A0><U+00BD><ed><U+00B1><U+00AC><ed><U+00A0><U+00BD><ed><U+00B1><U+00AD><ed><U+00A0><U+00BD><ed><U+00B1><U+00AB>  #AmberHeard #humanrights #gayrights #LGBTQ #equality #equal #HumanRights<U+2026>",FALSE,0,NA,2016-12-15 07:41:55,FALSE,NA,"809302453036273664",NA,"<a href=""http://twitter.com/download/android"" rel=""nofollow"">Twitter for Android</a>","foxnheard",5,TRUE,FALSE,NA,NA
"87","Louisiana Governors Executive Order to Protect LGBT Rights Rejected by Judge #gayrights #LGBT #BatonRogue #Governor https://t.co/455plPg1u3",FALSE,0,NA,2016-12-15 07:36:01,FALSE,NA,"809300967376044032",NA,"<a href=""https://newsline.com"" rel=""nofollow"">Newsline.com</a>","newsline",0,FALSE,FALSE,NA,NA
"88","https://t.co/r2LDtYIbwS A video on how most Indians react to the gay community. #gayrights #freethegay #imgaybutimstraight #sorrynotsorry",FALSE,1,NA,2016-12-15 04:27:02,FALSE,NA,"809253410545352704",NA,"<a href=""http://twitter.com/download/android"" rel=""nofollow"">Twitter for Android</a>","PatrickOBosen",0,FALSE,FALSE,NA,NA
"89","RT @georgesivan95: #GayRights #EndGayPanic 
@mamamellet @ChangeAus @AnnastaciaMP
@troyesivan @Shaunsivan https://t.co/Z31JiHRCLT",FALSE,0,NA,2016-12-15 04:05:46,FALSE,NA,"809248054805143552",NA,"<a href=""http://twitter.com/download/iphone"" rel=""nofollow"">Twitter for iPhone</a>","EW21546",1,TRUE,FALSE,NA,NA
"90","Why You Cant Be #Gay In #Scientology -- https://t.co/slvpm9PxqD via @1RagingBuddha cc #ScientologyTheAftermath #LGBT #LGBTQ #GayRights",FALSE,2,NA,2016-12-15 02:02:19,FALSE,NA,"809216988451143680",NA,"<a href=""http://twitter.com"" rel=""nofollow"">Twitter Web Client</a>","IndieScieNews",3,FALSE,FALSE,NA,NA
"91","RT @IndieScieNews: cc #Scientology #ScientologyTheAftermath #Gay #LGBT #LGBTQ #GayRights @1RagingBuddha @katebornstein @De_Rex86 @Joyfulmil<U+2026>",FALSE,0,NA,2016-12-15 01:35:21,FALSE,NA,"809210202226507776",NA,"<a href=""http://twitter.com"" rel=""nofollow"">Twitter Web Client</a>","De_Rex86",2,TRUE,FALSE,NA,NA
"92","RT @IndieScieNews: cc #Scientology #ScientologyTheAftermath #Gay #LGBT #LGBTQ #GayRights @1RagingBuddha @katebornstein @De_Rex86 @Joyfulmil<U+2026>",FALSE,0,NA,2016-12-15 00:48:01,FALSE,NA,"809198291200053248",NA,"<a href=""http://twitter.com"" rel=""nofollow"">Twitter Web Client</a>","1RagingBuddha",2,TRUE,FALSE,NA,NA
"93","cc #Scientology #ScientologyTheAftermath #Gay #LGBT #LGBTQ #GayRights @1RagingBuddha @katebornstein @De_Rex86<U+2026> https://t.co/o0gj1cRmho",FALSE,5,NA,2016-12-15 00:37:22,TRUE,NA,"809195610633043968",NA,"<a href=""http://twitter.com"" rel=""nofollow"">Twitter Web Client</a>","IndieScieNews",2,FALSE,FALSE,NA,NA
"94","RT @flablondie20: #lesbians #equalrights #ellen #lesbiansupport #LGBT  #TrendingNow #RETWEEET #gayrights bring my brother on the show! http<U+2026>",FALSE,0,NA,2016-12-15 00:11:50,FALSE,NA,"809189184946794496",NA,"<a href=""http://twitter.com"" rel=""nofollow"">Twitter Web Client</a>","kindtaphesel191",1,TRUE,FALSE,NA,NA
"95","#Russia Nixes U.N. Bid To Thank Ban Ki-Moon For #GayRights Work https://t.co/zIGIsrfSC8 via @TheWorldPost #LGBT",FALSE,0,NA,2016-12-14 23:49:32,FALSE,NA,"809183572422594560",NA,"<a href=""http://twitter.com"" rel=""nofollow"">Twitter Web Client</a>","Vic_Stone1",0,FALSE,FALSE,NA,NA
"96","#UN security council has been blocked from thanking secretary general #BanKiMoon for promoting #gayrights. #News<U+2026> https://t.co/fWNNWnaDsl",FALSE,0,NA,2016-12-14 23:39:21,TRUE,NA,"809181009392472064",NA,"<a href=""http://twitter.com"" rel=""nofollow"">Twitter Web Client</a>","wearehash",0,FALSE,FALSE,NA,NA
"97","Trump's election means open war on LGBTQ  civil rights. https://t.co/DM9lYDfMUp #gayrights #NotMyPresident #LGBTQ",FALSE,1,NA,2016-12-14 23:32:59,FALSE,NA,"809179410699927552",NA,"<a href=""http://twitter.com/download/android"" rel=""nofollow"">Twitter for Android</a>","georgiaguy8",0,FALSE,FALSE,NA,NA
"98","Being Gay Is Okay #gay #lgbt #Gayrights https://t.co/vNKbo0Y5IP #polyvoreStyle",FALSE,0,NA,2016-12-14 20:38:53,FALSE,NA,"809135594831872000",NA,"<a href=""http://www.polyvore.com"" rel=""nofollow"">Polyvore</a>","aomidomi_closet",0,FALSE,FALSE,NA,NA
"99","RT @IndieScieNews: cc #Scientology #ScientologyTheAftermath #Gay #LGBT #LGBTQ #GayRights @katebornstein @De_Rex86 @Joyfulmilton @MikeRinder<U+2026>",FALSE,0,NA,2016-12-14 20:27:15,FALSE,NA,"809132665735626752",NA,"<a href=""http://twitter.com/download/android"" rel=""nofollow"">Twitter for Android</a>","klu325120",2,TRUE,FALSE,NA,NA
"100","RT @IndieScieNews: cc #Scientology #ScientologyTheAftermath #Gay #LGBT #LGBTQ #GayRights @katebornstein @De_Rex86 @Joyfulmilton @MikeRinder<U+2026>",FALSE,0,NA,2016-12-14 20:15:20,FALSE,NA,"809129667772809216",NA,"<a href=""http://twitter.com/download/android"" rel=""nofollow"">Twitter for Android</a>","De_Rex86",2,TRUE,FALSE,NA,NA
"101","cc #Scientology #ScientologyTheAftermath #Gay #LGBT #LGBTQ #GayRights @katebornstein @De_Rex86 @Joyfulmilton<U+2026> https://t.co/hSi9lPslTG",FALSE,2,NA,2016-12-14 20:09:04,TRUE,NA,"809128090056146944",NA,"<a href=""http://twitter.com"" rel=""nofollow"">Twitter Web Client</a>","IndieScieNews",2,FALSE,FALSE,NA,NA
"102","This is ridiculous #hb2 #lgbt #gayrights #queerrights #transrights #badgovernment
 https://t.co/vPrtItMpZT",FALSE,0,NA,2016-12-14 19:01:52,FALSE,NA,"809111180111478789",NA,"<a href=""http://twitter.com"" rel=""nofollow"">Twitter Web Client</a>","markprice_obs",0,FALSE,FALSE,NA,NA
"103","#Russia blocks U.N. council bid to thank Ban Ki-moon for #GayRights work https://t.co/mMfZcjkr80 via @Reuters   - (RT, mj)",FALSE,0,NA,2016-12-14 18:34:54,FALSE,NA,"809104391957573634",NA,"<a href=""http://twitter.com"" rel=""nofollow"">Twitter Web Client</a>","mj_palin",1,FALSE,FALSE,NA,NA
"104","#TrumpTrain #TrumpSupporters #Trump #DonaldTrump #PEOTUS #VPEOTUS #Equality #gayrights #MakeAmericaGreatAgain https://t.co/idn9mUAL0q?",FALSE,0,NA,2016-12-14 17:05:11,FALSE,NA,"809081815529123842",NA,"<a href=""http://twitter.com"" rel=""nofollow"">Twitter Web Client</a>","yogimellons",0,FALSE,FALSE,NA,NA
"105","Malice of Misinformation Surrounding Poppers 
#LGBTQIA #GayRights https://t.co/eHkOkUp3Uj https://t.co/hAZf7Kt79g",FALSE,0,NA,2016-12-14 16:50:01,FALSE,NA,"809077998339100672",NA,"<a href=""http://bufferapp.com"" rel=""nofollow"">Buffer</a>","NitriteReform",0,FALSE,FALSE,NA,NA
"106","Love me a fresh haircut #gay #instagay #single #daily #instadaily #instagood #gayrights #haircut<U+2026> https://t.co/TDdNcWtRJn",FALSE,0,NA,2016-12-14 15:02:09,FALSE,NA,"809050851180507140",NA,"<a href=""http://instagram.com"" rel=""nofollow"">Instagram</a>","garethowenshaw",0,FALSE,FALSE,NA,NA
"107","WOW! ""It can't be about #womansrights or #gayrights. It has to be about the #economy."" - #BernieSanders<U+2026> https://t.co/2UVHVM8ocf",FALSE,1,NA,2016-12-14 14:48:47,TRUE,NA,"809047487977836548",NA,"<a href=""http://twitter.com"" rel=""nofollow"">Twitter Web Client</a>","dj73104",0,FALSE,FALSE,NA,NA
"108","Image Tip  -  13 Same Sex Marriage https://t.co/Tf93x3pjE5 #lovewins #gayrights #love https://t.co/xUn2jiV4NA",FALSE,0,NA,2016-12-14 14:38:03,FALSE,NA,"809044789748527104",NA,"<a href=""https://www.socialoomph.com"" rel=""nofollow"">SocialOomph</a>","MarketingPicz",0,FALSE,FALSE,NA,NA
"109","RT @AmberHeardIT: Today is #NOH8 Day! Happy @NOH8Campaign Day <ed><U+00A0><U+00BD><ed><U+00B1><U+00AC><ed><U+00A0><U+00BD><ed><U+00B1><U+00AD><ed><U+00A0><U+00BD><ed><U+00B1><U+00AB>  #AmberHeard #humanrights #gayrights #LGBTQ #equality #equal #HumanRights<U+2026>",FALSE,0,NA,2016-12-14 13:15:07,FALSE,NA,"809023915884482560",NA,"<a href=""http://twitter.com/download/iphone"" rel=""nofollow"">Twitter for iPhone</a>","CoraMelodie",5,TRUE,FALSE,NA,NA
"110","Day 14! Make the yuletide gay! <ed><U+00A0><U+00BD><ed><U+00B4><U+0094><ed><U+00A0><U+00BC><ed><U+00BE><U+0081><ed><U+00A0><U+00BC><ed><U+00BE><U+0080><ed><U+00A0><U+00BC><ed><U+00BE><U+0084><U+2744><U+26C4><ed><U+00A0><U+00BC><ed><U+00BD><U+00AD><ed><U+00A0><U+00BD><ed><U+00B5><U+008A><ed><U+00A0><U+00BD><ed><U+00B5><U+00AF><ed><U+00A0><U+00BD><ed><U+00B5><U+00AD><U+2764><ed><U+00A0><U+00BC><ed><U+00BE><U+0085> #Christmas #European #AdventCalendar #LGBT #gayrights https://t.co/m0joCLTRYR",FALSE,0,NA,2016-12-14 12:59:21,FALSE,NA,"809019950522310656",NA,"<a href=""http://twitter.com/download/android"" rel=""nofollow"">Twitter for Android</a>","YEM_UK",0,FALSE,FALSE,NA,NA
"111","RT @AmberHeardIT: Today is #NOH8 Day! Happy @NOH8Campaign Day <ed><U+00A0><U+00BD><ed><U+00B1><U+00AC><ed><U+00A0><U+00BD><ed><U+00B1><U+00AD><ed><U+00A0><U+00BD><ed><U+00B1><U+00AB>  #AmberHeard #humanrights #gayrights #LGBTQ #equality #equal #HumanRights<U+2026>",FALSE,0,NA,2016-12-14 12:56:13,FALSE,NA,"809019159979978752",NA,"<a href=""http://twitter.com/download/iphone"" rel=""nofollow"">Twitter for iPhone</a>","dailyamberheard",5,TRUE,FALSE,NA,NA
"112","RT @AmberHeardIT: Today is #NOH8 Day! Happy @NOH8Campaign Day <ed><U+00A0><U+00BD><ed><U+00B1><U+00AC><ed><U+00A0><U+00BD><ed><U+00B1><U+00AD><ed><U+00A0><U+00BD><ed><U+00B1><U+00AB>  #AmberHeard #humanrights #gayrights #LGBTQ #equality #equal #HumanRights<U+2026>",FALSE,0,NA,2016-12-14 12:18:42,FALSE,NA,"809009720954617856",NA,"<a href=""http://twitter.com"" rel=""nofollow"">Twitter Web Client</a>","TiffaniCologne",5,TRUE,FALSE,NA,NA
"113","RT @AmberHeardIT: Today is #NOH8 Day! Happy @NOH8Campaign Day <ed><U+00A0><U+00BD><ed><U+00B1><U+00AC><ed><U+00A0><U+00BD><ed><U+00B1><U+00AD><ed><U+00A0><U+00BD><ed><U+00B1><U+00AB>  #AmberHeard #humanrights #gayrights #LGBTQ #equality #equal #HumanRights<U+2026>",FALSE,0,NA,2016-12-14 11:51:29,FALSE,NA,"809002869001256960",NA,"<a href=""https://mobile.twitter.com"" rel=""nofollow"">Mobile Web (M5)</a>","NicoleNeit",5,TRUE,FALSE,NA,NA
"114","Today is #NOH8 Day! Happy @NOH8Campaign Day <ed><U+00A0><U+00BD><ed><U+00B1><U+00AC><ed><U+00A0><U+00BD><ed><U+00B1><U+00AD><ed><U+00A0><U+00BD><ed><U+00B1><U+00AB>  #AmberHeard #humanrights #gayrights #LGBTQ #equality #equal<U+2026> https://t.co/YDzsIuVAWD",FALSE,12,NA,2016-12-14 11:45:17,TRUE,NA,"809001309751967744",NA,"<a href=""http://twitter.com/download/android"" rel=""nofollow"">Twitter for Android</a>","AmberHeardIT",5,FALSE,FALSE,NA,NA
"115","John Oliver: Uganda Gay Rights. https://t.co/MiTP9nI6d2 #hbo #johnoliver #lastweektonight #news #gayrights",FALSE,0,NA,2016-12-14 11:12:12,FALSE,NA,"808992984897359872",NA,"<a href=""https://www.socialoomph.com"" rel=""nofollow"">SocialOomph</a>","dailyweeklypost",0,FALSE,FALSE,NA,NA
"116","An ex-professional #football player <U+201C>out<U+201D> https://t.co/majccIp9S8
#sports #fitness #health #lgbtq #Humanrights #gayrights #gay",FALSE,0,NA,2016-12-14 09:31:39,FALSE,NA,"808967678258020352",NA,"<a href=""http://twitter.com/download/android"" rel=""nofollow"">Twitter for Android</a>","MeelisPaloson",0,FALSE,FALSE,NA,NA
"117","A week ago I met a cute guy<ed><U+00A0><U+00BD><ed><U+00B1><U+00AC>Wish him to be my #boyfriend <ed><U+00A0><U+00BD><ed><U+00B2><U+0097> #gay #growingupgay #gaylove #loveforeveryone #gayrights",FALSE,0,NA,2016-12-14 07:48:38,FALSE,NA,"808941756733648896",NA,"<a href=""http://twitter.com/download/iphone"" rel=""nofollow"">Twitter for iPhone</a>","john_oaker",0,FALSE,FALSE,NA,NA
"118","WTF??? #TheVoiceFinale 2016 NOT #BillyGilman?! @NBCTheVoice #Gays #WeVotedForBillyGilman!!! #AntiGays #Discrimination #LGBT #NoH8 #GayRights",FALSE,0,NA,2016-12-14 04:05:21,FALSE,NA,"808885562694397952",NA,"<a href=""http://twitter.com/download/iphone"" rel=""nofollow"">Twitter for iPhone</a>","ImperfectANG3L",0,FALSE,FALSE,NA,NA
"119","RT @LezBizCommunity: RT @SmartGayLife: Mr #GayChina, 1st look at the breakthrough title https://t.co/hqsSSYIsIw #LGBTrights #GayRights http<U+2026>",FALSE,0,NA,2016-12-14 03:41:33,FALSE,NA,"808879576445173760",NA,"<a href=""http://twitter.com/#!/download/ipad"" rel=""nofollow"">Twitter for iPad</a>","Mawwlmp",1,TRUE,FALSE,NA,NA
"120","Homophobe alert! #LGBTQ #gayrights #lovenothate https://t.co/dsKddB06UX",FALSE,0,NA,2016-12-14 01:57:26,FALSE,NA,"808853373940137984",NA,"<a href=""http://twitter.com/download/android"" rel=""nofollow"">Twitter for Android</a>","IntuitiveVegan",0,FALSE,FALSE,NA,NA
"121","RT @SmartGayLife: Mr #GayChina, 1st look at the breakthrough title https://t.co/hqsSSYIsIw #LGBTrights #GayRights https://t.co/gr0LopMtWl",FALSE,3,NA,2016-12-13 23:30:28,FALSE,NA,"808816386558619648",NA,"<a href=""http://www.hootsuite.com"" rel=""nofollow"">Hootsuite</a>","LezBizCommunity",1,FALSE,FALSE,NA,NA
"122","I'm gay. I'm not a victim. https://t.co/lwXyfx33Dp #QueerMoney #GayRights #EqualOpportunity.",FALSE,0,NA,2016-12-13 20:03:27,FALSE,NA,"808764289460871169",NA,"<a href=""http://meetedgar.com"" rel=""nofollow"">Meet Edgar</a>","DebtFreeGuys",0,FALSE,FALSE,NA,NA
"123","Item Tip  -  26 Same Sex Marriage https://t.co/Tf93x3pjE5 #lovewins #gayrights #love https://t.co/6WD3BYNjAR",FALSE,0,NA,2016-12-13 17:37:45,FALSE,NA,"808727624084242432",NA,"<a href=""https://www.socialoomph.com"" rel=""nofollow"">SocialOomph</a>","MarketingPicz",0,FALSE,FALSE,NA,NA
"124","RT @gaydybunch: #supportlgbtfamilies #twomoms #loveislove #humanrights #noh8 #gayrights #lesbians #homosexuals #equality https://t.co/nyehf<U+2026>",FALSE,0,NA,2016-12-13 16:51:04,FALSE,NA,"808715876887396352",NA,"<a href=""http://twitter.com/download/iphone"" rel=""nofollow"">Twitter for iPhone</a>","gaydybunch",2,TRUE,FALSE,NA,NA
"125","#supportlgbtfamilies #twomoms #loveislove #humanrights #noh8 #gayrights #lesbians #homosexuals #equality https://t.co/nyehfvj5kw",FALSE,5,NA,2016-12-13 16:29:45,FALSE,NA,"808710510308954112",NA,"<a href=""http://twitter.com/download/iphone"" rel=""nofollow"">Twitter for iPhone</a>","gaydybunch",2,FALSE,FALSE,NA,NA
"126","250,000 march in #Taiwan to support #MarriageEquality #loveislove #LGBT #gaymarriage #gay #gayrights<U+2026> https://t.co/Kl8bubHSx9",FALSE,0,NA,2016-12-13 16:14:24,TRUE,NA,"808706647359188992",NA,"<a href=""http://twitter.com"" rel=""nofollow"">Twitter Web Client</a>","pridelife",0,FALSE,FALSE,NA,NA
"127","RT @SmartGayLife: Mr #GayChina, 1st look at the breakthrough title https://t.co/HITQqFc411 #LGBTrights #GayRights https://t.co/qDkHmfj5AM",FALSE,0,NA,2016-12-13 14:23:25,FALSE,NA,"808678719174930434",NA,"<a href=""http://twitter.com/download/android"" rel=""nofollow"">Twitter for Android</a>","Ekezu210",2,TRUE,FALSE,NA,NA
"128","RT @SmartGayLife: Mr #GayChina, 1st look at the breakthrough title https://t.co/HITQqFc411 #LGBTrights #GayRights https://t.co/qDkHmfj5AM",FALSE,0,NA,2016-12-13 13:29:46,FALSE,NA,"808665215932006400",NA,"<a href=""http://www.twitter.com"" rel=""nofollow"">Twitter for Windows Phone</a>","resistencia358",2,TRUE,FALSE,NA,NA
"129","Mr #GayChina, 1st look at the breakthrough title https://t.co/HITQqFc411 #LGBTrights #GayRights https://t.co/qDkHmfj5AM",FALSE,1,NA,2016-12-13 13:28:16,FALSE,NA,"808664838591447042",NA,"<a href=""http://meetedgar.com"" rel=""nofollow"">Meet Edgar</a>","SmartGayLife",2,FALSE,FALSE,NA,NA
"130","This man should be arrested for procreating. So the kids don't grow up to be bigots like dad! #CantPrayAwayTheGay<U+2026> https://t.co/3tSeyj3bJP",FALSE,2,NA,2016-12-13 12:04:07,TRUE,NA,"808643662993301504",NA,"<a href=""http://twitter.com/download/iphone"" rel=""nofollow"">Twitter for iPhone</a>","AutumnBrooke24",1,FALSE,FALSE,NA,NA
"131","Penn &amp; Teller: Great time to be #atheist &amp; #gayrights - #pennjillette #CWPennandTeller - https://t.co/Vti107ZJ4t",FALSE,0,NA,2016-12-13 11:43:55,FALSE,NA,"808638577731059712",NA,"<a href=""http://www.kevindurham.co.uk/"" rel=""nofollow"">Next Scripts Seriously Funny</a>","SeriouslyFunnyV",0,FALSE,FALSE,NA,NA
"132","RT @LaloDagach: LEFT: #GayRights around the world
RIGHT: Muslim Population by % 

Source: https://t.co/vPVr429UCH https://t.co/8PRiSnP6uc",FALSE,0,NA,2016-12-13 11:15:19,FALSE,NA,"808631381861552128",NA,"<a href=""http://twitter.com/#!/download/ipad"" rel=""nofollow"">Twitter for iPad</a>","RBJVC",68,TRUE,FALSE,NA,NA
"133","#JohnnyMathis #GayRights #NatKingCole myfavoritesinger https://t.co/HdBhYFVGfQ @Apotis4stis5 #barbrastreisand #BarbraENCORE @BarbraStreisand",FALSE,1,NA,2016-12-13 03:30:43,FALSE,NA,"808514460885413888",NA,"<a href=""http://twitter.com"" rel=""nofollow"">Twitter Web Client</a>","kostisbitsios",0,FALSE,FALSE,NA,NA
"134","This is not #PersonalFinance for the masses. This is #QueerMoney. https://t.co/TZyrFOsv9s #LGBTMoney #LGBTFinance #QueerSuccess #GayRights",FALSE,0,NA,2016-12-12 22:02:52,FALSE,NA,"808431952302866432",NA,"<a href=""http://meetedgar.com"" rel=""nofollow"">Meet Edgar</a>","DebtFreeGuys",0,FALSE,FALSE,NA,NA
"135","@AttitudeMag Wow... epic!!! #Love #LoveWins #GayRights",FALSE,0,"AttitudeMag",2016-12-12 21:01:03,FALSE,"808416162790805504","808416399236468736","21748010","<a href=""http://twitter.com"" rel=""nofollow"">Twitter Web Client</a>","MikeGuylee",0,FALSE,FALSE,NA,NA
"136","RT @MDNAPaula4Ever: I'm Not Your Bitch Monday , Let's Start The Week Off Right ! Bitch Im @Madonna  #GayRights #LGBT https://t.co/LtDIrvb3pA",FALSE,0,NA,2016-12-12 20:41:24,FALSE,NA,"808411453220945920",NA,"<a href=""http://twitter.com/download/iphone"" rel=""nofollow"">Twitter for iPhone</a>","AuroraStarkey",1,TRUE,FALSE,NA,NA
"137","Video | Rio de Janeiro viert weer Pride |  In de Braziliaanse stad... https://t.co/av35i8xapB #GaySite #gaypride #gayrights #rio #Brazilie",FALSE,1,NA,2016-12-12 20:25:51,FALSE,NA,"808407537825484801",NA,"<a href=""http://twitter.com"" rel=""nofollow"">Twitter Web Client</a>","GaySitenl",0,FALSE,FALSE,NA,NA
"138","RT @LaloDagach: LEFT: #GayRights around the world
RIGHT: Muslim Population by % 

Source: https://t.co/vPVr429UCH https://t.co/8PRiSnP6uc",FALSE,0,NA,2016-12-12 20:05:56,FALSE,NA,"808402527012130816",NA,"<a href=""http://twitter.com/download/iphone"" rel=""nofollow"">Twitter for iPhone</a>","Carp_Merchant",68,TRUE,FALSE,NA,NA
"139","RT @LaloDagach: LEFT: #GayRights around the world
RIGHT: Muslim Population by % 

Source: https://t.co/vPVr429UCH https://t.co/8PRiSnP6uc",FALSE,0,NA,2016-12-12 20:05:26,FALSE,NA,"808402401338294272",NA,"<a href=""http://twitter.com/download/android"" rel=""nofollow"">Twitter for Android</a>","XManipulationX",68,TRUE,FALSE,NA,NA
"140","I'm Not Your Bitch Monday , Let's Start The Week Off Right ! Bitch Im @Madonna  #GayRights #LGBT https://t.co/LtDIrvb3pA",FALSE,4,NA,2016-12-12 19:52:49,FALSE,NA,"808399224123559938",NA,"<a href=""http://twitter.com/download/iphone"" rel=""nofollow"">Twitter for iPhone</a>","MDNAPaula4Ever",1,FALSE,FALSE,NA,NA
"141","Who's the Homophobe of the year? Join me and cast your votes today! https://t.co/bTtkwmCPf9 #Homophobia #Homophobic #GayRights #LGBT #LGB",FALSE,0,NA,2016-12-12 15:38:03,FALSE,NA,"808335110764429313",NA,"<a href=""http://twitter.com"" rel=""nofollow"">Twitter Web Client</a>","BelyeaUE",0,FALSE,FALSE,NA,NA
"142","#Perspective @realDonaldTrump #MAGA #AmericaFirst 

#RadicalIslam
#GayRights
#WomensRights
#ReligiousMinorities<U+2026> https://t.co/gkJ4VDN9oR",FALSE,1,NA,2016-12-12 10:46:12,TRUE,NA,"808261663505915904",NA,"<a href=""http://twitter.com/#!/download/ipad"" rel=""nofollow"">Twitter for iPad</a>","lorijohnsonstl",0,FALSE,FALSE,NA,NA
"143","RT @ThiReed: Haven't been on here for a while so follow me <U+2764><U+FE0F><U+2764><U+FE0F>#gay #gayboy #gayrights #funny #imback #missedthis #follow back #funny #love<U+2026>",FALSE,0,NA,2016-12-12 10:39:27,FALSE,NA,"808259967191056384",NA,"<a href=""http://www.dudesdog22.com"" rel=""nofollow"">sadjfoiausdf</a>","hiyaash_",1,TRUE,FALSE,NA,NA
"144","Haven't been on here for a while so follow me <U+2764><U+FE0F><U+2764><U+FE0F>#gay #gayboy #gayrights #funny #imback #missedthis #follow back<U+2026> https://t.co/5Mdgr2oIZn",FALSE,0,NA,2016-12-12 10:38:55,TRUE,NA,"808259834051260416",NA,"<a href=""http://twitter.com/download/iphone"" rel=""nofollow"">Twitter for iPhone</a>","ThiReed",1,FALSE,FALSE,NA,NA
"145","You can't say that God hates sin, not sinners if sinners are treated as if they are hated by God. #sin #gayrights #gaypride #catholic",FALSE,1,NA,2016-12-12 04:32:44,FALSE,NA,"808167679542497285",NA,"<a href=""http://twitter.com"" rel=""nofollow"">Twitter Web Client</a>","Wilfolio",0,FALSE,FALSE,NA,NA
"146","RT @LawrieBlaz: Hi I'm Lawrence...
In full <ed><U+00A0><U+00BD><ed><U+00B1><U+0089><ed><U+00A0><U+00BC><ed><U+00BF><U+00BF> https://t.co/7a6QJPWhE8

#lgbt #gayrights #HumanRights #zimbabwe https://t.co/XVC7H5KwSl",FALSE,0,NA,2016-12-12 01:54:05,FALSE,NA,"808127755535740928",NA,"<a href=""http://twitter.com/download/iphone"" rel=""nofollow"">Twitter for iPhone</a>","LawrieBlaz",2,TRUE,FALSE,NA,NA
"147","RT @rhymeswithmike: #Taiwan #MarriageEquality event is today 1-8pm in #Taipei near NTU MRT. Wear red!
#gayrights #lesbianrights #LGBTQ #hum<U+2026>",FALSE,0,NA,2016-12-12 01:47:30,FALSE,NA,"808126096256299008",NA,"<a href=""http://twitter.com/download/android"" rel=""nofollow"">Twitter for Android</a>","kelly_mainelli",2,TRUE,FALSE,NA,NA
"148","RT @xjustinstears: "" a certificate on paper isn<U+2019>t gonna solve it all but it<U+2019>s a damn good place to start ""

#gayrights 1970-2016 https://t.<U+2026>",FALSE,0,NA,2016-12-12 01:45:09,FALSE,NA,"808125505106944000",NA,"<a href=""http://twitter.com"" rel=""nofollow"">Twitter Web Client</a>","julieroot4",4,TRUE,FALSE,NA,NA
"149","RT @NitriteReform: This Woman<U+2019>s Court Case Could Secure LGBT Rights in the Workplace https://t.co/wRj4tsCPsw via @thecut #GayRights #LGBT h<U+2026>",FALSE,0,NA,2016-12-12 01:44:50,FALSE,NA,"808125424962179072",NA,"<a href=""http://twitter.com"" rel=""nofollow"">Twitter Web Client</a>","julieroot4",1,TRUE,FALSE,NA,NA
"150","RT @rhymeswithmike: #Taiwan #MarriageEquality event is today 1-8pm in #Taipei near NTU MRT. Wear red!
#gayrights #lesbianrights #LGBTQ #hum<U+2026>",FALSE,0,NA,2016-12-12 01:44:34,FALSE,NA,"808125360931946497",NA,"<a href=""http://twitter.com"" rel=""nofollow"">Twitter Web Client</a>","julieroot4",2,TRUE,FALSE,NA,NA
"151","RT @jiggyhuncks: #Jiggyhuncks check out my sound cloud for new mixes jiggyhuncks #global #support #gayrights https://t.co/qKRwcrsGmn",FALSE,0,NA,2016-12-12 01:44:14,FALSE,NA,"808125274281754624",NA,"<a href=""http://twitter.com"" rel=""nofollow"">Twitter Web Client</a>","julieroot4",2,TRUE,FALSE,NA,NA
"152","Photo Tip # 37 Same Sex Marriage https://t.co/Tf93x3pjE5 #lovewins #gayrights #love https://t.co/7qrT2I7pfU",FALSE,1,NA,2016-12-11 23:38:00,FALSE,NA,"808093506002677760",NA,"<a href=""https://www.socialoomph.com"" rel=""nofollow"">SocialOomph</a>","MarketingPicz",0,FALSE,FALSE,NA,NA
"153","RT @Atheist_Khan: #OurProphetPBUHOurPride
#Atheist #ExMuslim 
#LGBT #Equality #GayRights https://t.co/qa1Wr3e8Wz",FALSE,0,NA,2016-12-11 22:55:55,FALSE,NA,"808082916551131136",NA,"<a href=""http://twitter.com/download/android"" rel=""nofollow"">Twitter for Android</a>","turnie3",4,TRUE,FALSE,NA,NA
"154","@saaraaalto @TheXFactor wish it was u. #inspiration #gay #gayrights #bestever",FALSE,2,"saaraaalto",2016-12-11 22:04:49,FALSE,"808029301866164224","808070055116283904","78425119","<a href=""http://twitter.com/download/iphone"" rel=""nofollow"">Twitter for iPhone</a>","PaulHGardens",0,FALSE,FALSE,NA,NA
"155","#saaraaalto we love you and my god an amazing person and an icon for #gayrights #diva #ukloveU",FALSE,1,NA,2016-12-11 21:40:24,FALSE,NA,"808063912545517569",NA,"<a href=""http://twitter.com/download/iphone"" rel=""nofollow"">Twitter for iPhone</a>","PaulHGardens",0,FALSE,FALSE,NA,NA
"156","RT @LawrieBlaz: Hi I'm Lawrence...
In full <ed><U+00A0><U+00BD><ed><U+00B1><U+0089><ed><U+00A0><U+00BC><ed><U+00BF><U+00BF> https://t.co/7a6QJPWhE8

#lgbt #gayrights #HumanRights #zimbabwe https://t.co/XVC7H5KwSl",FALSE,0,NA,2016-12-11 19:14:00,FALSE,NA,"808027069133291520",NA,"<a href=""http://twitter.com/download/android"" rel=""nofollow"">Twitter for Android</a>","Tillo25",2,TRUE,FALSE,NA,NA
"157","#HumanRights #GayRights &amp; #Islam #Orlando #Pulse  #OrlandoShooting #Islamophobia  https://t.co/3KOmLyP3ZI",FALSE,0,NA,2016-12-11 18:56:36,FALSE,NA,"808022690669809664",NA,"<a href=""http://twitter.com/download/iphone"" rel=""nofollow"">Twitter for iPhone</a>","Mtsr4me",0,FALSE,FALSE,NA,NA
"158","<U+041C><U+0430><U+0440><U+0448> #<U+041B><U+0413><U+0411><U+0422> <U+0432> #<U+041F><U+0435><U+0442><U+0435><U+0440><U+0431><U+0443><U+0440><U+0433>'<U+0435>. 
#LGBTmarch in #StPetersburg https://t.co/Es2xvCQjsF <U+0441> <U+043F><U+043E><U+043C><U+043E><U+0449><U+044C><U+044E> @YouTube #Russia #LGBTrights #GayRights #<U+0413><U+0435><U+0439>",FALSE,0,NA,2016-12-11 18:49:20,FALSE,NA,"808020862200848384",NA,"<a href=""http://twitter.com"" rel=""nofollow"">Twitter Web Client</a>","i_kalugin",0,FALSE,FALSE,NA,NA
"159","Hi I'm Lawrence...
In full <ed><U+00A0><U+00BD><ed><U+00B1><U+0089><ed><U+00A0><U+00BC><ed><U+00BF><U+00BF> https://t.co/7a6QJPWhE8

#lgbt #gayrights #HumanRights #zimbabwe https://t.co/XVC7H5KwSl",FALSE,3,NA,2016-12-11 18:48:08,FALSE,NA,"808020560185851905",NA,"<a href=""http://twitter.com/download/iphone"" rel=""nofollow"">Twitter for iPhone</a>","LawrieBlaz",2,FALSE,FALSE,NA,NA
"160","#Malta becomes first european nation to ban #gay conversion therapy https://t.co/cmF1dQT5rO via @huffpostqueer #LGBTrights #GayRights #LGBTQ",FALSE,2,NA,2016-12-11 18:42:40,FALSE,NA,"808019185578242048",NA,"<a href=""http://twitter.com"" rel=""nofollow"">Twitter Web Client</a>","i_kalugin",0,FALSE,FALSE,NA,NA
"161","RT @Atheist_Khan: #OurProphetPBUHOurPride
#Atheist #ExMuslim 
#LGBT #Equality #GayRights https://t.co/qa1Wr3e8Wz",FALSE,0,NA,2016-12-11 18:22:25,FALSE,NA,"808014089993777152",NA,"<a href=""http://twitter.com/download/android"" rel=""nofollow"">Twitter for Android</a>","rational_front",4,TRUE,FALSE,NA,NA
"162","RT @Atheist_Khan: #OurProphetPBUHOurPride
#Atheist #ExMuslim 
#LGBT #Equality #GayRights https://t.co/qa1Wr3e8Wz",FALSE,0,NA,2016-12-11 17:51:13,FALSE,NA,"808006236289515520",NA,"<a href=""http://twitter.com/download/android"" rel=""nofollow"">Twitter for Android</a>","LGray1979",4,TRUE,FALSE,NA,NA
"163","RT @Atheist_Khan: #OurProphetPBUHOurPride
#Atheist #ExMuslim 
#LGBT #Equality #GayRights https://t.co/qa1Wr3e8Wz",FALSE,0,NA,2016-12-11 17:28:19,FALSE,NA,"808000473907216384",NA,"<a href=""http://twitter.com/download/iphone"" rel=""nofollow"">Twitter for iPhone</a>","ratdog69",4,TRUE,FALSE,NA,NA
"164","#OurProphetPBUHOurPride
#Atheist #ExMuslim 
#LGBT #Equality #GayRights https://t.co/qa1Wr3e8Wz",FALSE,8,NA,2016-12-11 17:24:34,FALSE,NA,"807999528502706176",NA,"<a href=""http://twitter.com/download/android"" rel=""nofollow"">Twitter for Android</a>","Atheist_Khan",4,FALSE,FALSE,NA,NA
"165","#Kenya bans remix of #Macklemore #gayrights anthem #SameLove https://t.co/mRWMrFDOB3",FALSE,0,NA,2016-12-11 16:59:54,FALSE,NA,"807993324405719044",NA,"<a href=""http://twitter.com"" rel=""nofollow"">Twitter Web Client</a>","fortpapalia",0,FALSE,FALSE,NA,NA
"166","#marriageequality #isupportgayrights #loveislove #love #gayrights https://t.co/ULbxzXBqfM",FALSE,0,NA,2016-12-11 14:51:36,FALSE,NA,"807961034036301825",NA,"<a href=""http://instagram.com"" rel=""nofollow"">Instagram</a>","terry_teamdelta",0,FALSE,FALSE,NA,NA
"167","RT @frpoe211: take your time with the 497 pages #WritCertiorari #GayRights #Prop8 http://t.co/lTy7mvcj",FALSE,0,NA,2016-12-11 14:38:45,FALSE,NA,"807957802819973124",NA,"<a href=""http://twitter.com/#!/download/ipad"" rel=""nofollow"">Twitter for iPad</a>","hz_go",1,TRUE,FALSE,NA,NA
"168","RT @TaiwanNews886: Taiwan needs to move forward to #marriageequality #LGBT #gayrights #gaymarriage https://t.co/5Dele33aFO https://t.co/Zia<U+2026>",FALSE,0,NA,2016-12-11 09:32:20,FALSE,NA,"807880688183558144",NA,"<a href=""http://twitter.com"" rel=""nofollow"">Twitter Web Client</a>","altayo",2,TRUE,FALSE,NA,NA
"169","Grv la flemm de refaire confiance <ed><U+00A0><U+00BD><ed><U+00B1><U+008A><ed><U+00A0><U+00BC><ed><U+00BF><U+00BC><ed><U+00A0><U+00BD><ed><U+00B8><U+00BE><ed><U+00A0><U+00BD><ed><U+00B8><U+00B8> 

#gay #gayfollow #gayrights #gayteen #gaystagram<U+2026> https://t.co/s76wTup2sh",FALSE,2,NA,2016-12-11 09:02:50,FALSE,NA,"807873264852664320",NA,"<a href=""http://instagram.com"" rel=""nofollow"">Instagram</a>","ganimarvinoff",0,FALSE,FALSE,NA,NA
"170","RT @travelfarnow: Mysterious shutdown plagues popular news site in Qatar https://t.co/nBDnlxbke8 via @cjr #censorship #qatar #gayrights #me<U+2026>",FALSE,0,NA,2016-12-11 08:22:26,FALSE,NA,"807863098522693632",NA,"<a href=""http://twitter.com/download/android"" rel=""nofollow"">Twitter for Android</a>","BWazir1",1,TRUE,FALSE,NA,NA
"171","#Jiggyhuncks check out my sound cloud for new mixes jiggyhuncks #global #support #gayrights https://t.co/qKRwcrsGmn",FALSE,2,NA,2016-12-11 06:52:30,FALSE,NA,"807840463994626048",NA,"<a href=""https://mobile.twitter.com"" rel=""nofollow"">Mobile Web (M5)</a>","jiggyhuncks",2,FALSE,FALSE,NA,NA
"172","Mysterious shutdown plagues popular news site in Qatar https://t.co/nBDnlxbke8 via @cjr #censorship #qatar #gayrights #media #gulfstates",FALSE,0,NA,2016-12-11 03:25:38,FALSE,NA,"807788406935842817",NA,"<a href=""http://twitter.com"" rel=""nofollow"">Twitter Web Client</a>","travelfarnow",1,FALSE,FALSE,NA,NA
"173","Photo Tip No  32 Same Sex Marriage https://t.co/Tf93x3pjE5 #lovewins #gayrights #love https://t.co/1LFSIctR7J",FALSE,0,NA,2016-12-11 02:38:17,FALSE,NA,"807776488317718530",NA,"<a href=""https://www.socialoomph.com"" rel=""nofollow"">SocialOomph</a>","MarketingPicz",0,FALSE,FALSE,NA,NA
"174","The Top Travel Destination For Closeted Gay Men Is... - https://t.co/Wsf8yG4NAp #travel #gayrights #gay",FALSE,0,NA,2016-12-11 00:13:17,FALSE,NA,"807740000116871170",NA,"<a href=""https://www.socialoomph.com"" rel=""nofollow"">SocialOomph</a>","Cis4Charity",0,FALSE,FALSE,NA,NA
"175","so did Corbyn you stupid man, you insulted #Women, #HR, and #domesticabuse, imagine if someone had done that to you<U+2026> https://t.co/sVOvrlmZXl",FALSE,0,NA,2016-12-10 23:32:02,TRUE,NA,"807729619067604992",NA,"<a href=""http://twitter.com"" rel=""nofollow"">Twitter Web Client</a>","Isobel_waby",0,FALSE,FALSE,NA,NA
"176","RT @NitriteReform: Activists Running London's First Queer Tour of #LGBTHistory #gayrights #activism 
via @hashtagbroom https://t.co/3f14GGL<U+2026>",FALSE,0,NA,2016-12-10 19:35:01,FALSE,NA,"807669971580895232",NA,"<a href=""http://twitter.com/#!/download/ipad"" rel=""nofollow"">Twitter for iPad</a>","Scumezza",1,TRUE,FALSE,NA,NA
"177","Activists Running London's First Queer Tour of #LGBTHistory #gayrights #activism 
via @hashtagbroom<U+2026> https://t.co/84Gl11rz0d",FALSE,0,NA,2016-12-10 19:30:58,TRUE,NA,"807668950473605120",NA,"<a href=""http://bufferapp.com"" rel=""nofollow"">Buffer</a>","NitriteReform",1,FALSE,FALSE,NA,NA
"178","@bobco729 Mmm, interesting you said this...I just saw that Trumps pick for SOS supports #gayrights, which will help with some haters, but...",FALSE,0,"bobco729",2016-12-10 19:22:07,FALSE,"807665780376604672","807666722434060288","358510405","<a href=""http://twitter.com"" rel=""nofollow"">Twitter Web Client</a>","ctemp153",0,FALSE,FALSE,NA,NA
"179","@asamjulian @jasian12345 Not saying it's bad, but has deals with Putin &amp; Kurdistan, supports #commoncore #gayrights  https://t.co/0Mf3SbyeJJ",FALSE,0,"asamjulian",2016-12-10 19:17:34,FALSE,"807651759694954496","807665579939266560","4289460455","<a href=""http://twitter.com"" rel=""nofollow"">Twitter Web Client</a>","ctemp153",0,FALSE,FALSE,NA,NA
"180","machine head fuck yeah! #machinehead #metal #gayrights",FALSE,1,NA,2016-12-10 19:12:58,FALSE,NA,"807664420646191104",NA,"<a href=""http://twitter.com"" rel=""nofollow"">Twitter Web Client</a>","pissedpingu",0,FALSE,FALSE,NA,NA
"181","RT @HHHHuman: <ed><U+00A0><U+00BC><ed><U+00BC><U+008D> DO YOU KNOW Your 30 Human Rights?<U+263A> Learn Them in 4 Minutes! https://t.co/mmFSAppNX3 <U+2026> #WomensRights #LGBTQRights #GayRights<U+2026>",FALSE,0,NA,2016-12-10 18:51:57,FALSE,NA,"807659132232802304",NA,"<a href=""http://twitter.com/download/android"" rel=""nofollow"">Twitter for Android</a>","nedunj179",1,TRUE,FALSE,NA,NA
"182","<ed><U+00A0><U+00BC><ed><U+00BC><U+008D> DO YOU KNOW Your 30 Human Rights?<U+263A> Learn Them in 4 Minutes! https://t.co/mmFSAppNX3 <U+2026> #WomensRights #LGBTQRights #GayRights #UnitedNations",FALSE,3,NA,2016-12-10 17:39:22,FALSE,NA,"807640867984973825",NA,"<a href=""http://twitter.com"" rel=""nofollow"">Twitter Web Client</a>","HHHHuman",1,FALSE,FALSE,NA,NA
"183","RT @HHHHuman: <ed><U+00A0><U+00BC><ed><U+00BC><U+008D> DO YOU KNOW Your 30 Human Rights? <U+263A> Learn Them in 4 Minutes! https://t.co/mmFSAp8d5v #LGBTQ #GayRights #HumanRightsDay2016<U+2026>",FALSE,0,NA,2016-12-10 17:25:41,FALSE,NA,"807637424222470144",NA,"<a href=""http://twitter.com/download/android"" rel=""nofollow"">Twitter for Android</a>","noladrlft",3,TRUE,FALSE,NA,NA
"184","RT @HHHHuman: <ed><U+00A0><U+00BC><ed><U+00BC><U+008D> DO YOU KNOW Your 30 Human Rights? <U+263A> Learn Them in 4 Minutes! https://t.co/mmFSAp8d5v #LGBTQ #GayRights #HumanRightsDay2016<U+2026>",FALSE,0,NA,2016-12-10 17:17:42,FALSE,NA,"807635412139184128",NA,"<a href=""http://twitter.com/download/android"" rel=""nofollow"">Twitter for Android</a>","firebreed03",3,TRUE,FALSE,NA,NA
"185","RT @HHHHuman: <ed><U+00A0><U+00BC><ed><U+00BC><U+008D> DO YOU KNOW Your 30 Human Rights? <U+263A> Learn Them in 4 Minutes! https://t.co/mmFSAp8d5v #LGBTQ #GayRights #HumanRightsDay2016<U+2026>",FALSE,0,NA,2016-12-10 17:14:25,FALSE,NA,"807634587144912896",NA,"<a href=""http://twitter.com/download/android"" rel=""nofollow"">Twitter for Android</a>","abbykwoif",3,TRUE,FALSE,NA,NA
"186","<ed><U+00A0><U+00BC><ed><U+00BC><U+008D> DO YOU KNOW Your 30 Human Rights? <U+263A> Learn Them in 4 Minutes! https://t.co/mmFSAp8d5v #LGBTQ #GayRights #HumanRightsDay2016 #HumanRightsDay",FALSE,1,NA,2016-12-10 17:07:53,FALSE,NA,"807632941966880768",NA,"<a href=""http://twitter.com"" rel=""nofollow"">Twitter Web Client</a>","HHHHuman",3,FALSE,FALSE,NA,NA
"187","RT @gaydybunch: #stayproud #twomoms #loveislove #noh8 #lesbians #homosexual #equality #gay #gayrights #humanrights #writers #reality https:<U+2026>",FALSE,0,NA,2016-12-10 15:52:51,FALSE,NA,"807614061353504768",NA,"<a href=""http://twitter.com/download/iphone"" rel=""nofollow"">Twitter for iPhone</a>","tibetanfemme22",1,TRUE,FALSE,NA,NA
"188","#stayproud #twomoms #loveislove #noh8 #lesbians #homosexual #equality #gay #gayrights #humanrights #writers #reality https://t.co/mkM20teTFn",FALSE,2,NA,2016-12-10 15:42:49,FALSE,NA,"807611537607294976",NA,"<a href=""http://twitter.com/download/iphone"" rel=""nofollow"">Twitter for iPhone</a>","gaydybunch",1,FALSE,FALSE,NA,NA
"189","#Gayrights - How far have we come? Check out Episode 1 Series 2 of @RightsTrack this #humanrightsday https://t.co/dsJddZiv4F",FALSE,0,NA,2016-12-10 14:35:48,FALSE,NA,"807594668699582464",NA,"<a href=""http://twitter.com"" rel=""nofollow"">Twitter Web Client</a>","openRights_oD",0,FALSE,FALSE,NA,NA
"190","Alkyl Nitrite Blog<U+2019>s Interpretation Can Make It Harmful or Helpful 
#LGBTQ #Stigma #GayRights<U+2026> https://t.co/kHHHCPI7Sm",FALSE,0,NA,2016-12-10 13:51:01,TRUE,NA,"807583402346082304",NA,"<a href=""http://bufferapp.com"" rel=""nofollow"">Buffer</a>","NitriteReform",0,FALSE,FALSE,NA,NA
"191","Well done #Malta <ed><U+00A0><U+00BD><ed><U+00B1><U+008D> #lgbtq #gayrights Now what about safe #abortion access for women ? #HumanRightsDay<U+2026> https://t.co/NXPa1BEG0U",FALSE,0,NA,2016-12-10 13:27:13,TRUE,NA,"807577410447220736",NA,"<a href=""http://twitter.com/download/iphone"" rel=""nofollow"">Twitter for iPhone</a>","vlada_pechenaya",0,FALSE,FALSE,NA,NA
"192","RT @Margit11: On #HumanRightsDay the @FT is doing a lovely PR spread about the UAE #womensrights #gayrights #gutterpress https://t.co/iRFDh<U+2026>",FALSE,0,NA,2016-12-10 12:01:03,FALSE,NA,"807555725845270528",NA,"<a href=""http://twitter.com/download/android"" rel=""nofollow"">Twitter for Android</a>","JemimaOxford",2,TRUE,FALSE,NA,NA
"193","RT @Margit11: On #HumanRightsDay the @FT is doing a lovely PR spread about the UAE #womensrights #gayrights #gutterpress https://t.co/iRFDh<U+2026>",FALSE,0,NA,2016-12-10 11:55:25,FALSE,NA,"807554307625058305",NA,"<a href=""http://twitter.com"" rel=""nofollow"">Twitter Web Client</a>","weltec2",2,TRUE,FALSE,NA,NA
"194","On #HumanRightsDay the @FT is doing a lovely PR spread about the UAE #womensrights #gayrights #gutterpress https://t.co/iRFDhJJmcU",FALSE,0,NA,2016-12-10 11:47:56,FALSE,NA,"807552423527116800",NA,"<a href=""http://twitter.com/download/android"" rel=""nofollow"">Twitter for Android</a>","Margit11",2,FALSE,FALSE,NA,NA
"195","The change we want to see in the world begins with us
<U+25B6>https://t.co/UiB6QjAHAj

#HumanRightsDay #Scialpi #Blasi<U+2026> https://t.co/uNSqs9yzj3",FALSE,46,NA,2016-12-10 11:04:49,TRUE,NA,"807541573512757248",NA,"<a href=""http://twitter.com"" rel=""nofollow"">Twitter Web Client</a>","ScialpiBlasi",38,FALSE,FALSE,NA,NA
"196","we proud of our country #taiwan #gayrights #humanrights https://t.co/bg6LvCGd7e",FALSE,0,NA,2016-12-10 10:52:50,FALSE,NA,"807538559196479488",NA,"<a href=""http://instagram.com"" rel=""nofollow"">Instagram</a>","JungShanInk",0,FALSE,FALSE,NA,NA
"197","<U+2018>Let Freedom Ring! [Gay Pride EDM] [DJ Robby H] [2016]<U+2019> on #SoundCloud #np https://t.co/W0Wq5Qoneh #edm #glbtq #gay #gayrights #gaypride",FALSE,2,NA,2016-12-10 10:33:40,FALSE,NA,"807533736359174144",NA,"<a href=""http://twitter.com"" rel=""nofollow"">Twitter Web Client</a>","dragqueenremix",1,FALSE,FALSE,NA,NA
"198","RT @sexualtegrande: <U+26AA>Gay 
<U+26AA>Lesbian 
<U+26AA>Bisexual 
<U+26AB>Human 

Be proud of who you are!!

#gayrights #loveislove https://t.co/MeEWtYgASH",FALSE,0,NA,2016-12-10 08:49:36,FALSE,NA,"807507546663768064",NA,"<a href=""http://twitter.com/download/android"" rel=""nofollow"">Twitter for Android</a>","sexualtegrande",5,TRUE,FALSE,NA,NA
"199","Photo Tip  -  10 Same Sex Marriage https://t.co/Tf93x3pjE5 #lovewins #gayrights #love https://t.co/jnU2rbp6a3",FALSE,0,NA,2016-12-10 05:37:41,FALSE,NA,"807459248171077632",NA,"<a href=""https://www.socialoomph.com"" rel=""nofollow"">SocialOomph</a>","MarketingPicz",0,FALSE,FALSE,NA,NA
"200","#gayrights #gay #animal #NoHate  https://t.co/xm3JXdD2ee https://t.co/7XX2O59cvf",FALSE,0,NA,2016-12-10 05:01:09,FALSE,NA,"807450057045774336",NA,"<a href=""http://twitter.com/download/iphone"" rel=""nofollow"">Twitter for iPhone</a>","IndigoHawthorne",0,FALSE,FALSE,NA,NA
"201","I may have posted this years ago but it definitely needs another run : D
#HellYeah #Gay #Fabulous #LoveIsLove<U+2026> https://t.co/SfOsDQyzd1",FALSE,2,NA,2016-12-10 00:36:24,TRUE,NA,"807383430413418497",NA,"<a href=""http://twitter.com"" rel=""nofollow"">Twitter Web Client</a>","AliceDeighSeear",0,FALSE,FALSE,NA,NA
"202","#Taiwan #MarriageEquality event is today 1-8pm in #Taipei near NTU MRT. Wear red!
#gayrights #lesbianrights #LGBTQ<U+2026> https://t.co/LFH3JP0twP",FALSE,4,NA,2016-12-10 00:31:25,TRUE,NA,"807382175481929728",NA,"<a href=""http://twitter.com/download/iphone"" rel=""nofollow"">Twitter for iPhone</a>","rhymeswithmike",2,FALSE,FALSE,NA,NA
"203","#BernieSanders vs. #Homophobic #Congressman in 1995 https://t.co/Y2iyORFVpk via @YouTube #history #gayrights #education #politics #America",FALSE,0,NA,2016-12-10 00:27:14,FALSE,NA,"807381121000472577",NA,"<a href=""http://twitter.com"" rel=""nofollow"">Twitter Web Client</a>","SueBARKO",0,FALSE,FALSE,NA,NA
"204","This Woman<U+2019>s Court Case Could Secure LGBT Rights in the Workplace https://t.co/wRj4tsCPsw via @thecut #GayRights<U+2026> https://t.co/byxy2jCjj8",FALSE,1,NA,2016-12-09 23:12:17,TRUE,NA,"807362258481377281",NA,"<a href=""http://twitter.com"" rel=""nofollow"">Twitter Web Client</a>","NitriteReform",1,FALSE,FALSE,NA,NA
"205","What do you think this will mean for our future? @EqualityPower #GayRights #LGBT https://t.co/rEl1McAoDL",FALSE,0,NA,2016-12-09 23:00:13,FALSE,NA,"807359223214510081",NA,"<a href=""http://twitter.com"" rel=""nofollow"">Twitter Web Client</a>","NitriteReform",0,FALSE,FALSE,NA,NA
"206","Way to go #Malta, keep moving forward. #LGBT #HumanRights #GayRights https://t.co/Rjb88jKW9P",FALSE,0,NA,2016-12-09 22:15:29,FALSE,NA,"807347967342608384",NA,"<a href=""http://twitter.com"" rel=""nofollow"">Twitter Web Client</a>","NitriteReform",0,FALSE,FALSE,NA,NA
"207","Inch by inch change happens...... even in the other direction. #GayRights #HumanRights #LGBT https://t.co/KARN9nH82P",FALSE,0,NA,2016-12-09 22:12:30,FALSE,NA,"807347216386031616",NA,"<a href=""http://twitter.com"" rel=""nofollow"">Twitter Web Client</a>","NitriteReform",0,FALSE,FALSE,NA,NA
"208","@JoyAnnReid @Gayrightsreport @CNN @gayrightnetwork We can't let them bring us backwards.  We will stand up for ourselves.  #gayrights",FALSE,1,"JoyAnnReid",2016-12-09 20:36:01,FALSE,"807320960122716160","807322934192861184","49698134","<a href=""http://twitter.com/download/android"" rel=""nofollow"">Twitter for Android</a>","mamaluce44",0,FALSE,FALSE,NA,NA
"209","RT @clarionproject: International activism does work - look at the successes of the #gayrights &amp; anti-apartheid movements. #Islamism can be<U+2026>",FALSE,0,NA,2016-12-09 20:27:30,FALSE,NA,"807320790156746752",NA,"<a href=""http://twitter.com/download/iphone"" rel=""nofollow"">Twitter for iPhone</a>","CanadianVoter01",3,TRUE,FALSE,NA,NA
"210","clarionproject: International activism does work - look at the successes of the #gayrights &amp; anti-apartheid movements. #Islamism can be def<U+2026>",FALSE,0,NA,2016-12-09 20:24:14,FALSE,NA,"807319969063174148",NA,"<a href=""http://ifttt.com"" rel=""nofollow"">IFTTT</a>","Luandrew169",0,FALSE,FALSE,NA,NA
"211","International activism does work - look at the successes of the #gayrights &amp; anti-apartheid movements. #Islamism can be defeated too.",FALSE,6,NA,2016-12-09 20:22:01,FALSE,NA,"807319411841441793",NA,"<a href=""https://about.twitter.com/products/tweetdeck"" rel=""nofollow"">TweetDeck</a>","clarionproject",3,FALSE,FALSE,NA,NA
"212","Am I the only one who thinks there should be emoji flags for the sexualities? #gaypower #yayforgay #love #gayrights",FALSE,0,NA,2016-12-09 19:17:38,FALSE,NA,"807303208393641988",NA,"<a href=""https://mobile.twitter.com"" rel=""nofollow"">Mobile Web (M5)</a>","kayrem1010",0,FALSE,FALSE,NA,NA
"213","Just came out of the closet. #gayrights",FALSE,2,NA,2016-12-09 19:14:34,FALSE,NA,"807302435345600512",NA,"<a href=""http://twitter.com"" rel=""nofollow"">Twitter Web Client</a>","legitmigitman",0,FALSE,FALSE,NA,NA
"214","Who is wearing purple today? #PurpleFriday #gayrights https://t.co/I45gmws93X",FALSE,0,NA,2016-12-09 17:52:49,FALSE,NA,"807281865363247104",NA,"<a href=""http://twitter.com/download/iphone"" rel=""nofollow"">Twitter for iPhone</a>","verabos",0,FALSE,FALSE,NA,NA
"215","Who is wearing purple today? #PurpleFriday #gayrights https://t.co/fOD4BMKSVt",FALSE,0,NA,2016-12-09 17:50:33,FALSE,NA,"807281291989286913",NA,"<a href=""http://twitter.com/download/iphone"" rel=""nofollow"">Twitter for iPhone</a>","verabos",0,FALSE,FALSE,NA,NA
"216","RT @xjustinstears: "" a certificate on paper isn<U+2019>t gonna solve it all but it<U+2019>s a damn good place to start ""

#gayrights 1970-2016 https://t.<U+2026>",FALSE,0,NA,2016-12-09 16:55:49,FALSE,NA,"807267517286617088",NA,"<a href=""http://twitter.com/download/iphone"" rel=""nofollow"">Twitter for iPhone</a>","fcknrandomness",4,TRUE,FALSE,NA,NA
"217","RT @xjustinstears: "" a certificate on paper isn<U+2019>t gonna solve it all but it<U+2019>s a damn good place to start ""

#gayrights 1970-2016 https://t.<U+2026>",FALSE,0,NA,2016-12-09 13:26:11,FALSE,NA,"807214762920706048",NA,"<a href=""http://twitter.com/download/iphone"" rel=""nofollow"">Twitter for iPhone</a>","padaleckid",4,TRUE,FALSE,NA,NA
"218","RT @xjustinstears: "" a certificate on paper isn<U+2019>t gonna solve it all but it<U+2019>s a damn good place to start ""

#gayrights 1970-2016 https://t.<U+2026>",FALSE,0,NA,2016-12-09 09:02:26,FALSE,NA,"807148386981965825",NA,"<a href=""http://twitter.com/download/android"" rel=""nofollow"">Twitter for Android</a>","AVRILand1D",4,TRUE,FALSE,NA,NA
"219",""" a certificate on paper isn<U+2019>t gonna solve it all but it<U+2019>s a damn good place to start ""

#gayrights 1970-2016 https://t.co/7ejbJrsoJ7",FALSE,2,NA,2016-12-09 08:57:42,FALSE,NA,"807147196642656256",NA,"<a href=""http://twitter.com/download/iphone"" rel=""nofollow"">Twitter for iPhone</a>","xjustinstears",4,FALSE,FALSE,NA,NA
"220","Pic Tip No. 34 Same Sex Marriage https://t.co/Tf93x3pjE5 #lovewins #gayrights #love https://t.co/XrUoYEjEia",FALSE,0,NA,2016-12-09 08:37:35,FALSE,NA,"807142133656338433",NA,"<a href=""https://www.socialoomph.com"" rel=""nofollow"">SocialOomph</a>","MarketingPicz",0,FALSE,FALSE,NA,NA
"221","RT @wonkydoc: How is this still happening?! #TransRights #LGBTQrights #GayRights @TurnbullMalcolm time to act https://t.co/jc1a1Fdhrp @Chan<U+2026>",FALSE,0,NA,2016-12-09 06:48:38,FALSE,NA,"807114718414454785",NA,"<a href=""http://twitter.com/#!/download/ipad"" rel=""nofollow"">Twitter for iPad</a>","LardyGag",2,TRUE,FALSE,NA,NA
"222","RT @wonkydoc: How is this still happening?! #TransRights #LGBTQrights #GayRights @TurnbullMalcolm time to act https://t.co/jc1a1Fdhrp @Chan<U+2026>",FALSE,0,NA,2016-12-09 06:38:10,FALSE,NA,"807112081673568256",NA,"<a href=""http://twitter.com"" rel=""nofollow"">Twitter Web Client</a>","julieroot4",2,TRUE,FALSE,NA,NA
"223","RT @QueerstoryApp: Meet the Activists Running London's First Queer Tour of #LGBTHistory #gayrights #activism @NikkiSinclaire7 https://t.co/<U+2026>",FALSE,0,NA,2016-12-09 06:37:20,FALSE,NA,"807111871543189508",NA,"<a href=""http://twitter.com"" rel=""nofollow"">Twitter Web Client</a>","julieroot4",2,TRUE,FALSE,NA,NA
"224","'Eat, Pray, Love' in the #USA: meet the man visiting all 413 national #parks in one trip #gayrights
 https://t.co/97uEW5FIkE",FALSE,1,NA,2016-12-09 06:23:32,FALSE,NA,"807108400664420352",NA,"<a href=""http://twitter.com/download/android"" rel=""nofollow"">Twitter for Android</a>","AnimalAdvocacy1",0,FALSE,FALSE,NA,NA
"225","Film on Cuba's gay intolerance pulled from Havana festival https://t.co/ouaHIjK89D #cuba #lgbt #havana #filmfestival #castro #gayrights",FALSE,0,NA,2016-12-09 05:14:03,FALSE,NA,"807090912706772992",NA,"<a href=""http://twitter.com"" rel=""nofollow"">Twitter Web Client</a>","GTP_Global",0,FALSE,FALSE,NA,NA
"226","WTF?! Amid shouts of 'shame,' House GOP defeats gay rights measure https://t.co/msVOSK3U2A #gayrights #shame",FALSE,0,NA,2016-12-09 03:53:00,FALSE,NA,"807070515357687808",NA,"<a href=""http://twitter.com"" rel=""nofollow"">Twitter Web Client</a>","karinamackenzie",0,FALSE,FALSE,NA,NA
"227","RT @AndreaMonroeART: ""The Great Misreckoning"" #lgbt #gayrights #art #andreamonroeart #painting #arttowatch https://t.co/JJYtIWLl2M",FALSE,0,NA,2016-12-09 02:11:27,FALSE,NA,"807044960390356993",NA,"<a href=""http://twitter.com/download/android"" rel=""nofollow"">Twitter for Android</a>","QueenofCr8tvty",2,TRUE,FALSE,NA,NA
"228","The Top Travel Destination For Closeted Gay Men Is... - https://t.co/huahimnjF3 #travel #gayrights #gay",FALSE,0,NA,2016-12-09 01:13:06,FALSE,NA,"807030275888873472",NA,"<a href=""https://www.socialoomph.com"" rel=""nofollow"">SocialOomph</a>","airfare7",0,FALSE,FALSE,NA,NA
"229","When we are not honest about the connections between the #Orlando attack and Islam, it puts #LGBTQ at risk for futu<U+2026> https://t.co/P0Sq5oOhzR",FALSE,0,NA,2016-12-09 00:21:32,TRUE,NA,"807017298016006144",NA,"<a href=""http://twitter.com"" rel=""nofollow"">Twitter Web Client</a>","VintageRosemary",0,FALSE,FALSE,NA,NA
"230","EXCLUSIVE VIDEO: Mexican Senators Beat Trump Pi<U+00F1>ata, Chant ""Faggot"" https://t.co/FXSMqqg6eH #LGBTQ #GayRights #Tolerance #IllegalImmigrants",FALSE,0,NA,2016-12-08 23:40:37,FALSE,NA,"807007002106982400",NA,"<a href=""http://twitter.com"" rel=""nofollow"">Twitter Web Client</a>","VintageRosemary",0,FALSE,FALSE,NA,NA
"231","Here's The Secret Gay Agenda: Equality #Gayrights #Lgbtrights https://t.co/kVYHDhRYVq https://t.co/OE8zMFh1qs",FALSE,0,NA,2016-12-08 23:08:28,FALSE,NA,"806998909637758976",NA,"<a href=""http://publicize.wp.com/"" rel=""nofollow"">WordPress.com</a>","GayWeddingNews",0,FALSE,FALSE,NA,NA
"232","Here's The Secret Gay Agenda: Equality #Gayrights #Lgbtrights https://t.co/oZ3egOt5Lm https://t.co/VcQCtVav8D",FALSE,0,NA,2016-12-08 23:08:24,FALSE,NA,"806998894672572416",NA,"<a href=""http://publicize.wp.com/"" rel=""nofollow"">WordPress.com</a>","LGBTWeddingNews",0,FALSE,FALSE,NA,NA
"233","Here's The Secret Gay Agenda: Equality #Gayrights #Lgbtrights https://t.co/bibsOjq3Rx https://t.co/nDwQU2FMcw",FALSE,0,NA,2016-12-08 23:08:21,FALSE,NA,"806998882815275008",NA,"<a href=""http://publicize.wp.com/"" rel=""nofollow"">WordPress.com</a>","RiotBlogCS",0,FALSE,FALSE,NA,NA
"234","Here's The Secret Gay Agenda: Equality #Gayrights #Lgbtrights https://t.co/gEdoLIvLW4 https://t.co/g5n3YRKZR3",FALSE,0,NA,2016-12-08 23:08:14,FALSE,NA,"806998852314271744",NA,"<a href=""http://publicize.wp.com/"" rel=""nofollow"">WordPress.com</a>","ModernWeddingCO",0,FALSE,FALSE,NA,NA
"235","@Mattersofpride We will spend a lot of time trying to keep rights we've attained which will take away from more pro<U+2026> https://t.co/DkPzSEE0wO",FALSE,1,"Mattersofpride",2016-12-08 22:21:47,TRUE,NA,"806987163313274880","2242304686","<a href=""http://twitter.com"" rel=""nofollow"">Twitter Web Client</a>","NitriteReform",0,FALSE,FALSE,NA,NA
"236","@LovingReason #gay #gayrights #family #Pflag #Ohana #626 https://t.co/CrynwI9Smo",FALSE,0,"LovingReason",2016-12-08 21:34:58,FALSE,"806974714912604161","806975382159245312","4818836872","<a href=""http://twitter.com"" rel=""nofollow"">Twitter Web Client</a>","LovingReason",0,FALSE,FALSE,NA,NA
"237","@LovingReason #gay #gayrights #family #Pflag",FALSE,1,"LovingReason",2016-12-08 21:33:19,FALSE,"806974714912604161","806974965123780609","4818836872","<a href=""http://twitter.com"" rel=""nofollow"">Twitter Web Client</a>","LovingReason",0,FALSE,FALSE,NA,NA
"238","#gayrights sign win - https://t.co/4SWMk0o4LS https://t.co/mXMeQZQEXT",FALSE,0,NA,2016-12-08 21:15:16,FALSE,NA,"806970421908148224",NA,"<a href=""http://absurdpics.com"" rel=""nofollow"">absurdpics - site</a>","themoosemethod",0,FALSE,FALSE,NA,NA
"239","Got opinion on gay rights - discuss anonymously on #socialnumber.com - #gayrights https://t.co/g4cRyUFGhD https://t.co/7i4bSh2Rh2",FALSE,1,NA,2016-12-08 20:25:15,FALSE,NA,"806957836794261513",NA,"<a href=""http://www.hootsuite.com"" rel=""nofollow"">Hootsuite</a>","TheSocialNumber",0,FALSE,FALSE,NA,NA
"240","RT @FrancesNguyen: So much for Trump's rainbow flag gesture - his party makes no attempts to pretend it cares about #gayrights: https://t.c<U+2026>",FALSE,0,NA,2016-12-08 20:07:23,FALSE,NA,"806953341725081600",NA,"<a href=""http://twitter.com/download/iphone"" rel=""nofollow"">Twitter for iPhone</a>","5carab",1,TRUE,FALSE,NA,NA
"241","It's funny when I see such broad minded, young people - homophobic #gayrights",FALSE,0,NA,2016-12-08 19:09:57,FALSE,NA,"806938886769213441",NA,"<a href=""http://twitter.com/download/iphone"" rel=""nofollow"">Twitter for iPhone</a>","mansi_pingle",0,FALSE,FALSE,NA,NA
"242","in the throws of burning passion

#lust #love #beauty #passion #women #lesbianrights #gayrights https://t.co/JIjbrYSNN3",FALSE,0,NA,2016-12-08 18:52:41,FALSE,NA,"806934541348716544",NA,"<a href=""http://twitter.com"" rel=""nofollow"">Twitter Web Client</a>","adair_boucher",0,FALSE,FALSE,NA,NA
"243","Love my country &amp; am proudly #zimbabwean but sometime I just can't #stophomophobia #LGBT #gayrights #loveislove https://t.co/fuwamKJYux",FALSE,0,NA,2016-12-08 18:04:45,FALSE,NA,"806922478698237952",NA,"<a href=""http://twitter.com/download/iphone"" rel=""nofollow"">Twitter for iPhone</a>","kkidia",0,FALSE,FALSE,NA,NA
"244","So much for Trump's rainbow flag gesture - his party makes no attempts to pretend it cares about #gayrights: https://t.co/kJEIki2Y6A",FALSE,1,NA,2016-12-08 17:37:57,FALSE,NA,"806915734366539776",NA,"<a href=""http://bufferapp.com"" rel=""nofollow"">Buffer</a>","FrancesNguyen",1,FALSE,FALSE,NA,NA
"245","""The Great Misreckoning"" #lgbt #gayrights #art #andreamonroeart #painting #arttowatch https://t.co/JJYtIWLl2M",FALSE,3,NA,2016-12-08 16:55:28,FALSE,NA,"806905044880617472",NA,"<a href=""http://twitter.com"" rel=""nofollow"">Twitter Web Client</a>","AndreaMonroeART",2,FALSE,FALSE,NA,NA
"246","Well done #Malta for banning ludicrous &amp; barbaric 'gay cure' conversion therapy - https://t.co/KYDMS5GdRU #gayrights #humanrights #lbgt",FALSE,3,NA,2016-12-08 15:39:59,FALSE,NA,"806886046713647104",NA,"<a href=""http://twitter.com/download/android"" rel=""nofollow"">Twitter for Android</a>","The_BPB",1,FALSE,FALSE,NA,NA
"247","I wrote this for my friend. #missyou #SoundCloud #gay #pride #lovenothate #LGBT #gayrights 
https://t.co/2PjPehzv7X",FALSE,0,NA,2016-12-08 15:12:35,FALSE,NA,"806879152519479296",NA,"<a href=""http://twitter.com/download/android"" rel=""nofollow"">Twitter for Android</a>","ariagracefield",0,FALSE,FALSE,NA,NA
"248","AUR<U+00C9>LIE #2weeksold #adoptme #whynotadopt #gayrights #mamacheryl #tantiejill #omano<U+00EB>lla #papafr<U+00E9><U+2026> https://t.co/ytVgzXUUNA",FALSE,1,NA,2016-12-08 14:14:11,FALSE,NA,"806864456156409857",NA,"<a href=""http://instagram.com"" rel=""nofollow"">Instagram</a>","_Stefano_G",0,FALSE,FALSE,"5.7178","51.0314"
"249","@realDonaldTrump *911*Please STOP surrounding URself w/Hard Right Making #NeverTrump Happy.We're OK w/#Abortion &amp; #GayRights(Gov't outtaLIFE",FALSE,0,"realDonaldTrump",2016-12-08 13:10:59,FALSE,NA,"806848551443660800","25073877","<a href=""http://twitter.com"" rel=""nofollow"">Twitter Web Client</a>","Imfnbatman",0,FALSE,FALSE,NA,NA
"250","<U+2018>Hate has consequences<U+2019> #gayrights #lgbt #hb2 #queer #queeramerica #transrights
 https://t.co/P8DQa1G5mR",FALSE,0,NA,2016-12-08 11:37:51,FALSE,NA,"806825113022844929",NA,"<a href=""http://twitter.com"" rel=""nofollow"">Twitter Web Client</a>","markprice_obs",0,FALSE,FALSE,NA,NA
"251","Promo Tip  -  24 Same Sex Marriage https://t.co/Tf93x3pjE5 #lovewins #gayrights #love https://t.co/8E1eqIVhN7",FALSE,0,NA,2016-12-08 11:37:25,FALSE,NA,"806825004885311488",NA,"<a href=""https://www.socialoomph.com"" rel=""nofollow"">SocialOomph</a>","MarketingPicz",0,FALSE,FALSE,NA,NA
"252","RT @gaytwaytravel: Great work #Malta! https://t.co/XXmWgCbdYK #gaytravel #gayrights #equality #gaymalta #gaypride #gaytourism #gaydestinati<U+2026>",FALSE,0,NA,2016-12-08 10:25:49,FALSE,NA,"806806983630143488",NA,"<a href=""http://twitter.com/download/iphone"" rel=""nofollow"">Twitter for iPhone</a>","cutajaralex",1,TRUE,FALSE,NA,NA
"253","Great work #Malta! https://t.co/XXmWgCbdYK #gaytravel #gayrights #equality #gaymalta #gaypride #gaytourism #gaydestinations #gaytravelguide",FALSE,1,NA,2016-12-08 10:25:07,FALSE,NA,"806806807112880128",NA,"<a href=""http://twitter.com"" rel=""nofollow"">Twitter Web Client</a>","gaytwaytravel",1,FALSE,FALSE,NA,NA
"254","RT @Earthling70: BBC News - Malta's paradox: A beacon of gay rights that bans abortion https://t.co/EekiDaUIUE #Malta #gayrights",FALSE,0,NA,2016-12-08 10:02:13,FALSE,NA,"806801044298530816",NA,"<a href=""http://twitter.com"" rel=""nofollow"">Twitter Web Client</a>","Josje23",1,TRUE,FALSE,NA,NA
"255","BBC News - Malta's paradox: A beacon of gay rights that bans abortion https://t.co/EekiDaUIUE #Malta #gayrights",FALSE,2,NA,2016-12-08 09:58:38,FALSE,NA,"806800145048158213",NA,"<a href=""http://twitter.com"" rel=""nofollow"">Twitter Web Client</a>","Earthling70",1,FALSE,FALSE,NA,NA
"256","Page 165 of THE COCKATRICE. #GAYRIGHTS #GAY #LGBTQ #lgbtleaders #LGBTQyouth #LGBTQnews @poetryrobot @Spill_Words<U+2026> https://t.co/7UgH3T0QGI",FALSE,1,NA,2016-12-08 08:30:10,TRUE,NA,"806777881409961984",NA,"<a href=""http://twitter.com/download/iphone"" rel=""nofollow"">Twitter for iPhone</a>","MichaelJMIV",0,FALSE,FALSE,NA,NA
"257","No #gayrights or other minorities before #UniversalHumanRights #LGBT student discrimination in US @Reguliers @hrw https://t.co/sIVOuknebe <U+2026>",FALSE,0,NA,2016-12-08 07:38:48,FALSE,NA,"806764952304291840",NA,"<a href=""http://twitter.com"" rel=""nofollow"">Twitter Web Client</a>","mokumnews",0,FALSE,FALSE,NA,NA
"258","Any other workplace and there would be uproar. Disgusted this is still happening #gayrights #humanist https://t.co/0inGSOQRnk",FALSE,1,NA,2016-12-08 07:09:00,FALSE,NA,"806757454771929088",NA,"<a href=""http://twitter.com/download/android"" rel=""nofollow"">Twitter for Android</a>","MrHopkins",0,FALSE,FALSE,NA,NA
"259","Thrilled by advances in #gayrights But sudden flux o' #gayby pix in newsfeed making me feel behind in a race I didnt even know I was runnin<ed><U+00A0><U+00BC><ed><U+00BF><U+0083>",FALSE,0,NA,2016-12-08 06:39:55,FALSE,NA,"806750136567107584",NA,"<a href=""http://twitter.com/download/iphone"" rel=""nofollow"">Twitter for iPhone</a>","KyleJoeMurphy",0,FALSE,FALSE,NA,NA
"260","BBC News - #Malta's paradox: A beacon of #gayrights that bans #abortion https://t.co/cUw8Lm4njV",FALSE,0,NA,2016-12-08 06:12:25,FALSE,NA,"806743213146935296",NA,"<a href=""http://linkis.com"" rel=""nofollow"">Put your button on any page! </a>","marknewdarkage",0,FALSE,FALSE,NA,NA
"261","#gayrights not #Obamacare is his biggest legacy.",FALSE,0,NA,2016-12-08 03:05:38,FALSE,NA,"806696210245545984",NA,"<a href=""http://twitter.com/download/iphone"" rel=""nofollow"">Twitter for iPhone</a>","jsimonjr",0,FALSE,FALSE,NA,NA
"262","RT @jtinley80: #PatMcCroryNC #PatMcCrory #NC #NorthCarolina #ByeFelicia #LGBT #LoveBeatsHate #Equality #Gay #GayRights #LOL #Democrats #Rep<U+2026>",FALSE,0,NA,2016-12-08 00:23:34,FALSE,NA,"806655422241198080",NA,"<a href=""http://twitter.com/download/iphone"" rel=""nofollow"">Twitter for iPhone</a>","g1ng3r_snap_",2,TRUE,FALSE,NA,NA
"263","RT @georgesivan95: #GayRights #EndGayPanic 
@mamamellet @ChangeAus @AnnastaciaMP
@troyesivan @Shaunsivan https://t.co/AGZIu8yiae",FALSE,0,NA,2016-12-07 23:34:52,FALSE,NA,"806643167969869824",NA,"<a href=""http://twitter.com/#!/download/ipad"" rel=""nofollow"">Twitter for iPad</a>","JamesTh55242867",6,TRUE,FALSE,NA,NA
"264","I'm atheist but I respect everyone's religion, feminist means equality, homosexual and ""normal"" #gayrights #equality #nohateneededjustlove",FALSE,0,NA,2016-12-07 22:17:55,FALSE,NA,"806623800687284228",NA,"<a href=""http://twitter.com/download/android"" rel=""nofollow"">Twitter for Android</a>","diegc99",0,FALSE,FALSE,NA,NA
"265","Did you know Gay Coversion Therapy is still legal in Europe? Malta Is First to Ban it #lgtb #gayrights #humanrights  https://t.co/BklOKA26Rp",FALSE,0,NA,2016-12-07 21:51:31,FALSE,NA,"806617156792307712",NA,"<a href=""http://twitter.com/download/iphone"" rel=""nofollow"">Twitter for iPhone</a>","riccardinouk",0,FALSE,FALSE,NA,NA
"266","RT @georgesivan95: #GayRights #EndGayPanic 
@mamamellet @ChangeAus @AnnastaciaMP
@troyesivan @Shaunsivan https://t.co/AGZIu8yiae",FALSE,0,NA,2016-12-07 21:44:57,FALSE,NA,"806615507201757185",NA,"<a href=""http://twitter.com/#!/download/ipad"" rel=""nofollow"">Twitter for iPad</a>","LardyGag",6,TRUE,FALSE,NA,NA
"267","RT @PrideoftheOcean: <U+201C>Darling, I want my #gayrights now!<U+201D> #transgender #activist Marsha Johnson 1969 &amp; @saxenmeyer's film THE QUEENS 2016 h<U+2026>",FALSE,0,NA,2016-12-07 21:43:54,FALSE,NA,"806615241664516096",NA,"<a href=""http://twitter.com/#!/download/ipad"" rel=""nofollow"">Twitter for iPad</a>","LardyGag",4,TRUE,FALSE,NA,NA
"268","@SenatorWong Aceh is becoming a sad place that will now I'm afraid become even harsher under Sharia law due to the earthquake. #gayrights",FALSE,1,"SenatorWong",2016-12-07 21:41:19,FALSE,"806612903419748352","806614590674980864","529147678","<a href=""http://twitter.com/#!/download/ipad"" rel=""nofollow"">Twitter for iPad</a>","009Kat",0,FALSE,FALSE,NA,NA
"269","RT @WomenStopTrump: For all who support  #GayRights Retweet if you like 
get yours here : https://t.co/IA0S5UjMeP
 #SmallBusinessSaturday h<U+2026>",FALSE,0,NA,2016-12-07 21:31:53,FALSE,NA,"806612218200477696",NA,"<a href=""http://twitter.com"" rel=""nofollow"">Twitter Web Client</a>","julieroot4",9,TRUE,FALSE,NA,NA
"270","RT @kidrauhIisgod: #gayrights #transrights #lgbtqiarights #humanrights https://t.co/Q10KXbAQSQ",FALSE,0,NA,2016-12-07 21:31:33,FALSE,NA,"806612134167617536",NA,"<a href=""http://twitter.com"" rel=""nofollow"">Twitter Web Client</a>","julieroot4",2,TRUE,FALSE,NA,NA
"271","RT @DanDBear: They Go Low, We Give $$: Ten Great LGBTQ Charities To Support In Desperate Times https://t.co/uGV1hbLC1k
#charity #gayrights<U+2026>",FALSE,0,NA,2016-12-07 21:31:22,FALSE,NA,"806612087568900096",NA,"<a href=""http://twitter.com"" rel=""nofollow"">Twitter Web Client</a>","julieroot4",3,TRUE,FALSE,NA,NA
"272","RT @DanielBride1: This is why the referendum was worth it #VoteYes #GayRights https://t.co/0HjUKVdUFO",FALSE,0,NA,2016-12-07 21:31:07,FALSE,NA,"806612026571137024",NA,"<a href=""http://twitter.com"" rel=""nofollow"">Twitter Web Client</a>","julieroot4",1,TRUE,FALSE,NA,NA
"273","RT @SergeSasseville: En images ""The fight for LGBTQ rights in Delhi <U+2013> in pictures"" https://t.co/nXMaOynN22 #LGBTQ #gayrights",FALSE,0,NA,2016-12-07 21:30:37,FALSE,NA,"806611897378181120",NA,"<a href=""http://twitter.com"" rel=""nofollow"">Twitter Web Client</a>","julieroot4",1,TRUE,FALSE,NA,NA
"274","RT @TheFightMag: #GayRights activists march in #NewDelhiPride parade, to highlight #GayDiscrimination and Indian law criminalizing... https<U+2026>",FALSE,0,NA,2016-12-07 21:30:09,FALSE,NA,"806611780680060928",NA,"<a href=""http://twitter.com"" rel=""nofollow"">Twitter Web Client</a>","julieroot4",2,TRUE,FALSE,NA,NA
"275","RT @annamcnay: .@NPGLondon marks 50 years of advances in #gayrights #SpeakItsName! #LGBT #photography #sexuality #gender https://t.co/Mr7Mn<U+2026>",FALSE,0,NA,2016-12-07 21:28:58,FALSE,NA,"806611484549648384",NA,"<a href=""http://twitter.com"" rel=""nofollow"">Twitter Web Client</a>","julieroot4",8,TRUE,FALSE,NA,NA
"276","RT @georgesivan95: #GayRights #EndGayPanic 
@mamamellet @ChangeAus @AnnastaciaMP
@troyesivan @Shaunsivan https://t.co/AGZIu8yiae",FALSE,0,NA,2016-12-07 21:28:37,FALSE,NA,"806611395538075648",NA,"<a href=""http://twitter.com"" rel=""nofollow"">Twitter Web Client</a>","julieroot4",6,TRUE,FALSE,NA,NA
"277","@umairh By which I mean #womensrights and #gayrights are often turned into 'middleclass'issues with littleappeal to workingclass 2 @brumbyOz",FALSE,0,"umairh",2016-12-07 21:04:20,FALSE,"806601388969132032","806605286551277606","14321959","<a href=""https://about.twitter.com/products/tweetdeck"" rel=""nofollow"">TweetDeck</a>","BHPanimalwatch",0,FALSE,FALSE,NA,NA
"278","RT @jtinley80: #PatMcCroryNC #PatMcCrory #NC #NorthCarolina #ByeFelicia #LGBT #LoveBeatsHate #Equality #Gay #GayRights #LOL #Democrats #Rep<U+2026>",FALSE,0,NA,2016-12-07 18:51:21,FALSE,NA,"806571819956371457",NA,"<a href=""http://twitter.com/download/iphone"" rel=""nofollow"">Twitter for iPhone</a>","danhomick",2,TRUE,FALSE,NA,NA
